Number of Time Steps:,1200,,,,,,,,,,,,,,,,,,,,,,,,
Start Date:,31-Oct-21,,,,,,,,,,,,,,,,,,,,,,,,
Start Time:,2400,,,,,,,,,,,,,,,,,,,,,,,,
End Date:,30-Sep-21,,,,,,,,,,,,,,,,,,,,,,,,
End Time:,2400,,,,,,,,,,,,,,,,,,,,,,,,
,Pathnames:,Part A:,Part B:,Part C:,UNITS,Part F:,,Col:,,,,,,,,,,,,,,,,,
,/CALSIM/S_TRNTY/STORAGE//1MON/L2020A/,CALSIM,S_TRNTY,STORAGE,,L2020A,3,C,INST-VAL,Trinity Storage,,,,,,,,,,,,,,,
,/CALSIM/S_TRNTYLEVEL1DV/STORAGE-LEVEL//1MON/L2020A/,CALSIM,S_TRNTYLEVEL1DV,STORAGE-LEVEL,,L2020A,3,C,INST-VAL,Trinity Level 1,,,,,,,,,,,,,,,
,/CALSIM/S_TRNTYLEVEL4DV/STORAGE-LEVEL//1MON/L2020A/,CALSIM,S_TRNTYLEVEL4DV,STORAGE-LEVEL,,L2020A,3,C,INST-VAL,Trinity Level 4,,,,,,,,,,,,,,,
,/CALSIM/S_TRNTYLEVEL5DV/STORAGE-LEVEL//1MON/L2020A/,CALSIM,S_TRNTYLEVEL5DV,STORAGE-LEVEL,,L2020A,3,C,INST-VAL,Trinity Level 5,,,,,,,,,,,,,,,
,/CALSIM/C_TRNTY/CHANNEL//1MON/L2020A/,CALSIM,C_TRNTY,CHANNEL,TAF,L2020A,4,D,PER-AVER,Trinity Release,,,,,,,,,,,,,,,
,/CALSIM/C_LWSTN/CHANNEL//1MON/L2020A/,CALSIM,C_LWSTN,CHANNEL,TAF,L2020A,5,E,PER-AVER,Trinity Flow below Lewiston,,,,,,,,,,,,,,,
,/CALSIM/D_LWSTN_CCT011/DIVERSION//1MON/L2020A/,CALSIM,D_LWSTN_CCT011,DIVERSION,TAF,L2020A,6,F,PER-AVER,Trinity Import through Clear Creek Tunnel,,,,,,,,,,,,,,,
,/CALSIM/C_WKYTN/CHANNEL//1MON/L2020A/,CALSIM,C_WKYTN,CHANNEL,TAF,L2020A,7,G,PER-AVER,Clear Creek Flow below Whiskeytown,,,,,,,,,,,,,,,
,/CALSIM/S_SHSTA/STORAGE//1MON/L2020A/,CALSIM,S_SHSTA,STORAGE,,L2020A,8,H,INST-VAL,Shasta Storage,,,,,,,,,,,,,,,
,/CALSIM/S_SHSTALEVEL1DV/STORAGE-LEVEL//1MON/L2020A/,CALSIM,S_SHSTALEVEL1DV,STORAGE-LEVEL,,L2020A,143,EM,PER-AVER,Shasta Level 1,,,,,,,,,,,,,,,
,/CALSIM/S_SHSTALEVEL5DV/STORAGE-LEVEL//1MON/L2020A/,CALSIM,S_SHSTALEVEL5DV,STORAGE-LEVEL,,L2020A,143,EM,PER-AVER,Shasta Level 5,,,,,,,,,,,,,,,
,/CALSIM/S_SHSTALEVEL6DV/STORAGE-LEVEL//1MON/L2020A/,CALSIM,S_SHSTALEVEL6DV,STORAGE-LEVEL,,L2020A,143,EM,PER-AVER,Shasta Level 6,,,,,,,,,,,,,,,
,/CALSIM/C_SHSTA/CHANNEL//1MON/L2020A/,CALSIM,C_SHSTA,CHANNEL,TAF,L2020A,9,I,PER-AVER,Shasta Release to Sacramento River,,,,,,,,,,,,,,,
,/CALSIM/C_KSWCK_MIF/FLOW-MIN-INSTREAM//1MON/L2020A/,CALSIM,C_KSWCK_MIF,FLOW-MIN-INSTREAM,TAF,L2020A,10,J,PER-AVER,Sacramento River Minimum Flow below Keswick Dam,,,,,,,,,,,,,,,
,/CALSIM/C_KSWCK/CHANNEL//1MON/L2020A/,CALSIM,C_KSWCK,CHANNEL,TAF,L2020A,11,K,PER-AVER,Sacramento River Flow below Keswick Dam,,,,,,,,,,,,,,,
,/CALSIM/C_SAC257/CHANNEL//1MON/L2020A/,CALSIM,C_SAC257,CHANNEL,TAF,L2020A,12,L,PER-AVER,Sacramento River Flow at Bend Bridge,,,,,,,,,,,,,,,
,/CALSIM/C_SAC257_MIF/FLOW-MIN-INSTREAM//1MON/L2020A/,CALSIM,C_SAC257_MIF,FLOW-MIN-INSTREAM,TAF,L2020A,,,PER-AVER,Sacramento River Minimum Flow at Bend Bridge,,,,,,,,,,,,,,,
,/CALSIM/C_C_SAC257_FLOW_SELECTDV/FLOW-MIN-EFLOW//1MON/L2020A/,CALSIM,C_SAC257_FLOW_SELECTDV,FLOW-MIN-EFLOW,TAF,L2020A,,,PER-AVER,Sacramento River Minimum eFlow requirements at Bend Bridge,,,,,,,,,,,,,,,
,/CALSIM/D_SAC240_TCC001/DIVERSION//1MON/L2020A/,CALSIM,D_SAC240_TCC001,DIVERSION,TAF,L2020A,13,M,PER-AVER,Red Bluff Diversion,,,,,,,,,,,,,,,
,/CALSIM/C_SAC240/CHANNEL//1MON/L2020A/,CALSIM,C_SAC240,CHANNEL,TAF,L2020A,14,N,PER-AVER,Sacramento River Flow below Red Bluff Diversion Dam,,,,,,,,,,,,,,,
,/CALSIM/D_SAC207_GCC007/DIVERSION//1MON/L2020A/,CALSIM,D_SAC207_GCC007,DIVERSION,TAF,L2020A,15,O,PER-AVER,Hamilton City Diversion,,,,,,,,,,,,,,,
,/CALSIM/C_SAC201/CHANNEL//1MON/L2020A/,CALSIM,C_SAC201,CHANNEL,TAF,L2020A,16,P,PER-AVER,Sacramento River Flow at Hamilton City,,,,,,,,,,,,,,,
,/CALSIM/S_EPARK/STORAGE//1MON/L2020A/,CALSIM,S_EPARK,STORAGE,,L2020A,17,Q,INST-VAL,East Park Storage,,,,,,,,,,,,,,,
,/CALSIM/S_SGRGE/STORAGE//1MON/L2020A/,CALSIM,S_SGRGE,STORAGE,,L2020A,18,R,INST-VAL,Stony Gorge Storage,,,,,,,,,,,,,,,
,/CALSIM/S_BLKBT/STORAGE//1MON/L2020A/,CALSIM,S_BLKBT,STORAGE,,L2020A,19,S,INST-VAL,Black Butte Storage,,,,,,,,,,,,,,,
,/CALSIM/C_STN026/CHANNEL//1MON/L2020A/,CALSIM,C_STN026,CHANNEL,TAF,L2020A,20,T,PER-AVER,Stony Creek Flow below Black Butte,,,,,,,,,,,,,,,
,/CALSIM/C_SAC120/CHANNEL//1MON/L2020A/,CALSIM,C_SAC120,CHANNEL,TAF,L2020A,21,U,PER-AVER,Sac R near Wilkins Slough (flow),,,,,,,,,,,,,,,
,/CALSIM/S_OROVL/STORAGE//1MON/L2020A/,CALSIM,S_OROVL,STORAGE,,L2020A,22,V,INST-VAL,Oroville Storage,,,,,,,,,,,,,,,
,/CALSIM/S_OROVLLEVEL1DV/STORAGE-LEVEL//1MON/L2020A/,CALSIM,S_OROVLLEVEL1DV,STORAGE-LEVEL,,L2020A,143,EM,PER-AVER,Oroville Level 1,,,,,,,,,,,,,,,
,/CALSIM/S_OROVLLEVEL4DV/STORAGE-LEVEL//1MON/L2020A/,CALSIM,S_OROVLLEVEL4DV,STORAGE-LEVEL,,L2020A,143,EM,PER-AVER,Oroville Level 4,,,,,,,,,,,,,,,
,/CALSIM/S_OROVLLEVEL5DV/STORAGE-LEVEL//1MON/L2020A/,CALSIM,S_OROVLLEVEL5DV,STORAGE-LEVEL,,L2020A,143,EM,PER-AVER,Oroville Level 5,,,,,,,,,,,,,,,
,/CALSIM/C_OROVL/CHANNEL//1MON/L2020A/,CALSIM,C_OROVL,CHANNEL,TAF,L2020A,23,W,PER-AVER,Oroville Release to Feather River,,,,,,,,,,,,,,,
,/CALSIM/C_FTR068/CHANNEL//1MON/L2020A/,CALSIM,C_FTR068,CHANNEL,TAF,L2020A,24,X,PER-AVER,Feather River Flow below Thermalito Diversion Dam (LFC),,,,,,,,,,,,,,,
,/CALSIM/C_FTR059_MIF/FLOW-MIN-INSTREAM//1MON/L2020A/,CALSIM,C_FTR059_MIF,FLOW-MIN-INSTREAM,TAF,L2020A,25,Y,PER-AVER,Feather River Minimum Flow below Thermalito,,,,,,,,,,,,,,,
,/CALSIM/C_FTR059/CHANNEL//1MON/L2020A/,CALSIM,C_FTR059,CHANNEL,TAF,L2020A,26,Z,PER-AVER,Feather River Flow below Thermalito,,,,,,,,,,,,,,,
,/CALSIM/C_YUB002/CHANNEL//1MON/L2020A/,CALSIM,C_YUB002,CHANNEL,TAF,L2020A,27,AA,PER-AVER,Yuba River Flow below Daguerre Pt Dam,,,,,,,,,,,,,,,
,/CALSIM/C_YUB002_MIF/FLOW-MIN-INSTREAM//1MON/L2020A/,CALSIM,C_YUB002_MIF,FLOW-MIN-INSTREAM,TAF,L2020A,,,PER-AVER,Yuba River Minimum Flow below Daguerre Pt Dam,,,,,,,,,,,,,,,
,/CALSIM/C_YUB002_FLOW_SELECTDV/FLOW-MIN-EFLOW//1MON/L2020A/,CALSIM,C_YUB002_FLOW_SELECTDV,FLOW-MIN-EFLOW,TAF,L2020A,,,PER-AVER,Yuba River Minimum eFlow requirement below Daguerre Pt Dam,,,,,,,,,,,,,,,
,/CALSIM/C_FTR028/CHANNEL//1MON/L2020A/,CALSIM,C_FTR028,CHANNEL,TAF,L2020A,28,AB,PER-AVER,Feather River Flow near Yuba City (below confluence with Yuba River),,,,,,,,,,,,,,,
,/CALSIM/C_FTR012/CHANNEL//1MON/L2020A/,CALSIM,C_FTR012,CHANNEL,TAF,L2020A,29,AC,PER-AVER,Feather River Flow below confluence with Bear River,,,,,,,,,,,,,,,
,/CALSIM/C_FTR003/CHANNEL//1MON/L2020A/,CALSIM,C_FTR003,CHANNEL,TAF,L2020A,31,AE,PER-AVER,Feather River Flow at mouth,,,,,,,,,,,,,,,
,/CALSIM/C_FTR003_MIF/FLOW-MIN-INSTREAM//1MON/L2020A/,CALSIM,C_FTR003_MIF,FLOW-MIN-INSTREAM,TAF,L2020A,30,AD,PER-AVER,Feather River Minimum Flow at mouth,,,,,,,,,,,,,,,
,/CALSIM/C_FTR003_FLOW_SELECTDV/FLOW-MIN-EFLOW//1MON/L2020A/,CALSIM,C_FTR003_FLOW_SELECTDV,FLOW-MIN-EFLOW,TAF,L2020A,,,PER-AVER,Feather River Minimum eFlow requirements at mouth,,,,,,,,,,,,,,,
,/CALSIM/S_FOLSM/STORAGE//1MON/L2020A/,CALSIM,S_FOLSM,STORAGE,,L2020A,32,AF,INST-VAL,Folsom Storage,,,,,,,,,,,,,,,
,/CALSIM/S_FOLSMLEVEL1DV/STORAGE-LEVEL//1MON/L2020A/,CALSIM,S_FOLSMLEVEL1DV,STORAGE-LEVEL,,L2020A,144,EN,PER-AVER,Folsom Level 1,,,,,,,,,,,,,,,
,/CALSIM/S_FOLSMLEVEL5DV/STORAGE-LEVEL//1MON/L2020A/,CALSIM,S_FOLSMLEVEL5DV,STORAGE-LEVEL,,L2020A,144,EN,PER-AVER,Folsom Level 5,,,,,,,,,,,,,,,
,/CALSIM/C_FOLSM/CHANNEL//1MON/L2020A/,CALSIM,C_FOLSM,CHANNEL,TAF,L2020A,33,AG,PER-AVER,Folsom Release to American River,,,,,,,,,,,,,,,
,/CALSIM/C_NTOMA_MIF/FLOW-MIN-INSTREAM//1MON/L2020A/,CALSIM,C_NTOMA_MIF,FLOW-MIN-INSTREAM,TAF,L2020A,34,AH,PER-AVER,American River Minimum Flow below Nimbus Dam,,,,,,,,,,,,,,,
,/CALSIM/C_NTOMA/CHANNEL//1MON/L2020A/,CALSIM,C_NTOMA,CHANNEL,TAF,L2020A,35,AI,PER-AVER,American River Flow below Nimbus Dam,,,,,,,,,,,,,,,
,/CALSIM/C_AMR004/CHANNEL//1MON/L2020A/,CALSIM,C_AMR004,CHANNEL,TAF,L2020A,36,AJ,PER-AVER,American River Flow at H Street,,,,,,,,,,,,,,,
,/CALSIM/C_AMR004_MIF/FLOW-MIN-INSTREAM//1MON/L2020A/,CALSIM,C_AMR004_MIF,FLOW-MIN-INSTREAM,TAF,L2020A,36,AJ,PER-AVER,American River Min Flow at H Street,,,,,,,,,,,,,,,
,/CALSIM/C_AMR004_FLOW_SELECTDV/FLOW-MIN-EFLOW//1MON/L2020A/,CALSIM,C_AMR004_FLOW_SELECTDV,FLOW-MIN-EFLOW,TAF,L2020A,36,AJ,PER-AVER,American River Eflow at H Street,,,,,,,,,,,,,,,
,/CALSIM/SP_SAC083_YBP037/RIVER-SPILLS//1MON/L2020A/,CALSIM,SP_SAC083_YBP037,RIVER-SPILLS,TAF,L2020A,37,AK,PER-AVER,Fremont Weir Spill,,,,,,,,,,,,,,,
,/CALSIM/C_SAC083/CHANNEL//1MON/L2020A/,CALSIM,C_SAC083,CHANNEL,TAF,L2020A,38,AL,PER-AVER,Sacramento River Flow at Verona,,,,,,,,,,,,,,,
,/CALSIM/C_SAC048/CHANNEL//1MON/L2020A/,CALSIM,C_SAC048,CHANNEL,TAF,L2020A,39,AM,PER-AVER,Sacramento River Flow at Freeport,,,,,,,,,,,,,,,
,/CALSIM/C_SAC041/CHANNEL//1MON/L2020A/,CALSIM,C_SAC041,CHANNEL,TAF,L2020A,40,AN,PER-AVER,Sacramento River Flow at Hood,,,,,,,,,,,,,,,
,/CALSIM/C_YBP020/CHANNEL//1MON/L2020A/,CALSIM,C_YBP020,CHANNEL,TAF,L2020A,41,AO,PER-AVER,Flow through Yolo Bypass,,,,,,,,,,,,,,,
,/CALSIM/C_MOK019/CHANNEL//1MON/L2020A/,CALSIM,C_MOK019,CHANNEL,TAF,L2020A,42,AP,PER-AVER,Mokelumne Flow,,,,,,,,,,,,,,,
,/CALSIM/S_NHGAN/STORAGE//1MON/L2020A/,CALSIM,S_NHGAN,STORAGE,,L2020A,43,AQ,INST-VAL,New Hogan Storage,,,,,,,,,,,,,,,
,/CALSIM/C_CLV004/CHANNEL//1MON/L2020A/,CALSIM,C_CLV004,CHANNEL,TAF,L2020A,44,AR,PER-AVER,Calaveras River Flow at mouth,,,,,,,,,,,,,,,
,/CALSIM/S_MELON/STORAGE//1MON/L2020A/,CALSIM,S_MELON,STORAGE,,L2020A,45,AS,INST-VAL,New Melones Storage,,,,,,,,,,,,,,,
,/CALSIM/S_MELONLEVEL1DV/STORAGE-LEVEL//1MON/L2020A/,CALSIM,S_MELONLEVEL1DV,STORAGE-LEVEL,,L2020A,144,EN,PER-AVER,Melon Level 1,,,,,,,,,,,,,,,
,/CALSIM/S_MELONLEVEL4DV/STORAGE-LEVEL//1MON/L2020A/,CALSIM,S_MELONLEVEL4DV,STORAGE-LEVEL,,L2020A,144,EN,PER-AVER,Melon Level 4,,,,,,,,,,,,,,,
,/CALSIM/C_MELON/CHANNEL//1MON/L2020A/,CALSIM,C_MELON,CHANNEL,TAF,L2020A,46,AT,PER-AVER,New Melones Release to Stanislaus River,,,,,,,,,,,,,,,
,/CALSIM/C_STS059_MIF/FLOW-MIN-INSTREAM//1MON/L2020A/,CALSIM,C_STS059_MIF,FLOW-MIN-INSTREAM,TAF,L2020A,47,AU,PER-AVER,Stanislaus River Minimum Flow below Goodwin,,,,,,,,,,,,,,,
,/CALSIM/C_STS059/CHANNEL//1MON/L2020A/,CALSIM,C_STS059,CHANNEL,TAF,L2020A,48,AV,PER-AVER,Stanislaus River Flow below Goodwin,,,,,,,,,,,,,,,
,/CALSIM/C_STS004/CHANNEL//1MON/L2020A/,CALSIM,C_STS004,CHANNEL,TAF,L2020A,49,AW,PER-AVER,Stanislaus River Flow at mouth,,,,,,,,,,,,,,,
,/CALSIM/S_PEDRO/STORAGE//1MON/L2020A/,CALSIM,S_PEDRO,STORAGE,,L2020A,50,AX,INST-VAL,New Don Pedro Storage,,,,,,,,,,,,,,,
,/CALSIM/C_TUO003/CHANNEL//1MON/L2020A/,CALSIM,C_TUO003,CHANNEL,TAF,L2020A,51,AY,PER-AVER,Tuolumne River Flow at mouth,,,,,,,,,,,,,,,
,/CALSIM/C_TUO003_MIF/FLOW-MIN-INSTREAM//1MON/L2020A/,CALSIM,C_TUO003_MIF,FLOW-MIN-INSTREAM,TAF,L2020A,,,PER-AVER,Tuolumne Minimum River Flow at mouth,,,,,,,,,,,,,,,
,/CALSIM/C_TUO003_FLOW_SELECTDV/FLOW-MIN-EFLOW//1MON/L2020A/,CALSIM,C_TUO003_FLOW_SELECTDV,FLOW-MIN-EFLOW,TAF,L2020A,,,PER-AVER,Tuolumne Minimum River eFlow requirements at mouth,,,,,,,,,,,,,,,
,/CALSIM/S_MCLRE/STORAGE//1MON/L2020A/,CALSIM,S_MCLRE,STORAGE,,L2020A,52,AZ,INST-VAL,Lake McClure Storage,,,,,,,,,,,,,,,
,/CALSIM/C_MCD021/CHANNEL//1MON/L2020A/,CALSIM,C_MCD021,CHANNEL,TAF,L2020A,53,BA,PER-AVER,Merced River Flow at mouth,,,,,,,,,,,,,,,
,/CALSIM/S_ESTMN/STORAGE//1MON/L2020A/,CALSIM,S_ESTMN,STORAGE,,L2020A,54,BB,INST-VAL,Eastman Lake Storage,,,,,,,,,,,,,,,
,/CALSIM/C_CHW017/CHANNEL//1MON/L2020A/,CALSIM,C_CHW017,CHANNEL,TAF,L2020A,55,BC,PER-AVER,Chowchilla River Flow,,,,,,,,,,,,,,,
,/CALSIM/S_HNSLY/STORAGE//1MON/L2020A/,CALSIM,S_HNSLY,STORAGE,,L2020A,56,BD,INST-VAL,Hensley Lake Storage,,,,,,,,,,,,,,,
,/CALSIM/C_EBP016/CHANNEL//1MON/L2020A/,CALSIM,C_EBP016,CHANNEL,TAF,L2020A,57,BE,PER-AVER,Fresno River Flow,,,,,,,,,,,,,,,
,/CALSIM/S_MLRTN/STORAGE//1MON/L2020A/,CALSIM,S_MLRTN,STORAGE,,L2020A,58,BF,INST-VAL,Millerton Lake Storage,,,,,,,,,,,,,,,
,/CALSIM/S_MLRTNLEVEL2/STORAGE-LEVEL//1MON/L2020A/,CALSIM,S_MLRTNLEVEL2,STORAGE-LEVEL,,L2020A,144,EN,PER-AVER,Millerton Level 2 (there is no Level 1 in DSS),,,,,,,,,,,,,,,
,/CALSIM/S_MLRTNLEVEL4/STORAGE-LEVEL//1MON/L2020A/,CALSIM,S_MLRTNLEVEL4,STORAGE-LEVEL,,L2020A,144,EN,PER-AVER,Millerton Level 4 (NOT WRITTEN OUT IN SCENARIOS 6-10!),,,,,,,,,,,,,,,
,/CALSIM/D_MLRTN_FRK000/DIVERSION//1MON/L2020A/,CALSIM,D_MLRTN_FRK000,DIVERSION,TAF,L2020A,59,BG,PER-AVER,Friant-Kern Canal Diversion,,,,,,,,,,,,,,,
,/CALSIM/D_MLRTN_MDC006/DIVERSION//1MON/L2020A/,CALSIM,D_MLRTN_MDC006,DIVERSION,TAF,L2020A,60,BH,PER-AVER,Madera Canal Diversion,,,,,,,,,,,,,,,
,/CALSIM/C_SJR225/CHANNEL//1MON/L2020A/,CALSIM,C_SJR225,CHANNEL,TAF,L2020A,61,BI,PER-AVER,San Joaquin River Flow at Gravelly Ford,,,,,,,,,,,,,,,
,/CALSIM/C_SJR180/CHANNEL//1MON/L2020A/,CALSIM,C_SJR180,CHANNEL,TAF,L2020A,62,BJ,PER-AVER,San Joaquin River Flow below Sack Dam,,,,,,,,,,,,,,,
,/CALSIM/C_SJR115/CHANNEL//1MON/L2020A/,CALSIM,C_SJR115,CHANNEL,TAF,L2020A,63,BK,PER-AVER,San Joaquin River Flow below confluence with Merced,,,,,,,,,,,,,,,
,/CALSIM/C_SJR070/CHANNEL//1MON/L2020A/,CALSIM,C_SJR070,CHANNEL,TAF,L2020A,64,BL,PER-AVER,San Joaquin River Flow at Vernalis,,,,,,,,,,,,,,,
,/CALSIM/C_SJR070_MIF/FLOW-MIN-INSTREAM//1MON/L2020A/,CALSIM,C_SJR070_MIF,FLOW-MIN-INSTREAM,TAF,L2020A,,,PER-AVER,San Joaquin Minimum River Flow at Vernalis,,,,,,,,,,,,,,,
,/CALSIM/C_SJR070_FLOW_SELECTDV/FLOW-MIN-EFLOW//1MON/L2020A/,CALSIM,C_SJR070_FLOW_SELECTDV,FLOW-MIN-EFLOW,TAF,L2020A,,,PER-AVER,San Joaquin Minimum River eFlow requirements at Vernalis,,,,,,,,,,,,,,,
,/CALSIM/D_SAC030_MOK014/DIVERSION//1MON/L2020A/,CALSIM,D_SAC030_MOK014,DIVERSION,TAF,L2020A,65,BM,PER-AVER,Delta X-channel Flow,,,,,,,,,,,,,,,
,/CALSIM/C_SAC029B/CHANNEL//1MON/L2020A/,CALSIM,C_SAC029B,CHANNEL,TAF,L2020A,66,BN,PER-AVER,Georgianna Slough Flow,,,,,,,,,,,,,,,
,/CALSIM/C_SAC007/CHANNEL//1MON/L2020A/,CALSIM,C_SAC007,CHANNEL,TAF,L2020A,67,BO,PER-AVER,Sacramento River Flow at Rio Vista,,,,,,,,,,,,,,,
,/CALSIM/C_SAC085/CHANNEL//1MON/L2020A/,CALSIM,C_SAC085,CHANNEL,TAF,L2020A,67,BO,PER-AVER,Sacramento River Flow at node 85,,,,,,,,,,,,,,,
,/CALSIM/C_SAC122/CHANNEL//1MON/L2020A/,CALSIM,C_SAC122,CHANNEL,TAF,L2020A,67,BO,PER-AVER,Sacramento River Flow at node 122,,,,,,,,,,,,,,,
,/CALSIM/SP_SAC083_YBP037/RIVER-SPILLS//1MON/L2020A/,CALSIM,SP_SAC083_YBP037,RIVER-SPILLS,TAF,L2020A,67,BO,PER-AVER,Sacramento River Spill at node 83 (Yolo Bypass),,,,,,,,,,,,,,,
,/CALSIM/C_OMR014/CHANNEL//1MON/L2020A/,CALSIM,C_OMR014,CHANNEL,TAF,L2020A,68,BP,PER-AVER,Old and Middle River Combined Flow,,,,,,,,,,,,,,,
,/CALSIM/C_SJR013/CHANNEL//1MON/L2020A/,CALSIM,C_SJR013,CHANNEL,TAF,L2020A,69,BQ,PER-AVER,Qwest,,,,,,,,,,,,,,,
,/CALSIM/NDO/FLOW-NDO//1MON/L2020A/,CALSIM,NDO,FLOW-NDO,TAF,L2020A,70,BR,PER-AVER,Delta Outflow (Total),,,,,,,,,,,,,,,
,/CALSIM/X2_PRV_KM/X2-POSITION-PREV//1MON/L2020A/,CALSIM,X2_PRV_KM,X2-POSITION-PREV,,L2020A,71,BS,INST-VAL,X2 Position,,,,,,,,,,,,,,,
,/CALSIM/C_DMC003/CHANNEL//1MON/L2020A/,CALSIM,C_DMC003,CHANNEL,TAF,L2020A,72,BT,PER-AVER,Jones Export,,,,,,,,,,,,,,,
,/CALSIM/C_CAA003_SWP/FLOW-DELIVERY//1MON/L2020A/,CALSIM,C_CAA003_SWP,FLOW-DELIVERY,TAF,L2020A,73,BU,PER-AVER,Banks Export SWP,,,,,,,,,,,,,,,
,/CALSIM/C_CAA003_CVP/FLOW-DELIVERY//1MON/L2020A/,CALSIM,C_CAA003_CVP,FLOW-DELIVERY,TAF,L2020A,74,BV,PER-AVER,Banks Export CVP,,,,,,,,,,,,,,,
,/CALSIM/S_SLUIS/STORAGE//1MON/L2020A/,CALSIM,S_SLUIS,STORAGE,,L2020A,75,BW,INST-VAL,SL Storage,,,,,,,,,,,,,,,
,/CALSIM/S_SLUIS_CVP/STORAGE//1MON/L2020A/,CALSIM,S_SLUIS_CVP,STORAGE,,L2020A,75,BW,INST-VAL,CVP SL Storage,,,,,,,,,,,,,,,
,/CALSIM/S_SLUIS_CVPLEVEL1DV/STORAGE-LEVEL//1MON/L2020A/,CALSIM,S_SLUIS_CVPLEVEL1DV,STORAGE-LEVEL,,L2020A,144,EN,PER-AVER,CVP SL Level 1,,,,,,,,,,,,,,,
,/CALSIM/S_SLUIS_CVPLEVEL4DV/STORAGE-LEVEL//1MON/L2020A/,CALSIM,S_SLUIS_CVPLEVEL4DV,STORAGE-LEVEL,,L2020A,144,EN,PER-AVER,CVP SL Level 4,,,,,,,,,,,,,,,
,/CALSIM/S_SLUIS_CVPLEVEL5DV/STORAGE-LEVEL//1MON/L2020A/,CALSIM,S_SLUIS_CVPLEVEL5DV,STORAGE-LEVEL,,L2020A,144,EN,PER-AVER,CVP SL Level 5,,,,,,,,,,,,,,,
,/CALSIM/S_SLUIS_SWP/STORAGE//1MON/L2020A/,CALSIM,S_SLUIS_SWP,STORAGE,,L2020A,76,BX,INST-VAL,SWP SL Storage,,,,,,,,,,,,,,,
,/CALSIM/S_SLUIS_SWPLEVEL1DV/STORAGE-LEVEL//1MON/L2020A/,CALSIM,S_SLUIS_SWPLEVEL1DV,STORAGE-LEVEL,,L2020A,144,EN,PER-AVER,SWP SL Level 1,,,,,,,,,,,,,,,
,/CALSIM/S_SLUIS_SWPLEVEL4DV/STORAGE-LEVEL//1MON/L2020A/,CALSIM,S_SLUIS_SWPLEVEL4DV,STORAGE-LEVEL,,L2020A,144,EN,PER-AVER,SWP SL Level 4,,,,,,,,,,,,,,,
,/CALSIM/S_SLUIS_SWPLEVEL5DV/STORAGE-LEVEL//1MON/L2020A/,CALSIM,S_SLUIS_SWPLEVEL5DV,STORAGE-LEVEL,,L2020A,144,EN,PER-AVER,SWP SL Level 5,,,,,,,,,,,,,,,
,/CALSIM/DEL_TOT_PSC_N/DELIVERY-TOT//1MON/L2020A/,CALSIM,DEL_TOT_PSC_N,DELIVERY-TOT,TAF,L2020A,77,BY,PER-AVER,Total SRSC Delivery,,,,,,,,,,,,,,,
,/CALSIM/DEL_CVP_TOTAL_N/DELIVERY-CVP//1MON/L2020A/,CALSIM,DEL_CVP_TOTAL_N,DELIVERY-CVP,TAF,L2020A,78,BZ,PER-AVER,CVP Delivery North woAmer,,,,,,,,,,,,,,,
,/CALSIM/DEL_CVP_PMI_N/DELIVERY-CVP//1MON/L2020A/,CALSIM,DEL_CVP_PMI_N,DELIVERY-CVP,TAF,L2020A,79,CA,PER-AVER,CVP Delivery PMI N woAmer,,,,,,,,,,,,,,,
,/CALSIM/DEL_CVP_PMI_N_WAMER/DELIVERY-CVP//1MON/L2020A/,CALSIM,DEL_CVP_PMI_N_WAMER,DELIVERY-CVP,TAF,L2020A,80,CB,PER-AVER,CVP Delivery PMI N,,,,,,,,,,,,,,,
,/CALSIM/DEL_CVP_PAG_N/DELIVERY-CVP//1MON/L2020A/,CALSIM,DEL_CVP_PAG_N,DELIVERY-CVP,TAF,L2020A,81,CC,PER-AVER,CVP Delivery PAG N,,,,,,,,,,,,,,,
,/CALSIM/DEL_CVP_PSC_N/DELIVERY-CVP//1MON/L2020A/,CALSIM,DEL_CVP_PSC_N,DELIVERY-CVP,TAF,L2020A,82,CD,PER-AVER,CVP Delivery PSC N,,,,,,,,,,,,,,,
,/CALSIM/DEL_CVP_PRF_N/DELIVERY-CVP//1MON/L2020A/,CALSIM,DEL_CVP_PRF_N,DELIVERY-CVP,TAF,L2020A,83,CE,PER-AVER,CVP Delivery PRF N,,,,,,,,,,,,,,,
,/CALSIM/DEL_CVP_TOTAL_S/DELIVERY-CVP//1MON/L2020A/,CALSIM,DEL_CVP_TOTAL_S,DELIVERY-CVP,TAF,L2020A,84,CF,PER-AVER,CVP Delivery South,,,,,,,,,,,,,,,
,/CALSIM/DEL_CVP_PMI_S/DELIVERY-CVP//1MON/L2020A/,CALSIM,DEL_CVP_PMI_S,DELIVERY-CVP,TAF,L2020A,85,CG,PER-AVER,CVP Delivery PMI S,,,,,,,,,,,,,,,
,/CALSIM/DEL_CVP_PAG_S/DELIVERY-CVP//1MON/L2020A/,CALSIM,DEL_CVP_PAG_S,DELIVERY-CVP,TAF,L2020A,86,CH,PER-AVER,CVP Delivery PAG S,,,,,,,,,,,,,,,
,/CALSIM/DEL_CVP_PEX_S/DELIVERY-CVP//1MON/L2020A/,CALSIM,DEL_CVP_PEX_S,DELIVERY-CVP,TAF,L2020A,87,CI,PER-AVER,CVP Delivery PEX S,,,,,,,,,,,,,,,
,/CALSIM/DEL_CVP_PRF_S/DELIVERY-CVP//1MON/L2020A/,CALSIM,DEL_CVP_PRF_S,DELIVERY-CVP,TAF,L2020A,88,CJ,PER-AVER,CVP Delivery PRF S,,,,,,,,,,,,,,,
,/CALSIM/D_CAA238_CVPCV/FLOW-DELIVERY//1MON/L2020A/,CALSIM,D_CAA238_CVPCV,FLOW-DELIVERY,TAF,L2020A,89,CK,PER-AVER,CVC Delivery,,,,,,,,,,,,,,,
,/CALSIM/del_swp_tot_s/DELIVERY-SWP//1MON/L2020A/,CALSIM,DEL_SWP_TOT_S,DELIVERY-SWP,TAF,L2020A,90,CL,PER-AVER,SWP SOD AG + MI,,,,,,,,,,,,,,,
,/CALSIM/SWP_WR_FEATH/SWP_DELIVERY//1MON/L2020A/,CALSIM,SWP_WR_FEATH,SWP_DELIVERY,TAF,L2020A,91,CM,PER-AVER,SWP_WR_FEATH,,,,,,,,,,,,,,,
,/CALSIM/SWP_FRSA/SWP_DELIVERY//1MON/L2020A/,CALSIM,SWP_FRSA,SWP_DELIVERY,TAF,L2020A,92,CN,PER-AVER,SWP_FRSA,,,,,,,,,,,,,,,
,/CALSIM/DEL_SWP_TOTA/DELIVERY-SWP//1MON/L2020A/,CALSIM,DEL_SWP_TOTA,DELIVERY-SWP,TAF,L2020A,93,CO,PER-AVER,SWP Delivery Firm,,,,,,,,,,,,,,,
,/CALSIM/DEL_SWP_PIN/DELIVERY-SWP//1MON/L2020A/,CALSIM,DEL_SWP_PIN,DELIVERY-SWP,TAF,L2020A,94,CP,PER-AVER,SWP Delivery Int,,,,,,,,,,,,,,,
,/CALSIM/SWPTOTALDEL/FLOW-DELIVERY//1MON/L2020A/,CALSIM,SWPTOTALDEL,FLOW-DELIVERY,TAF,L2020A,95,CQ,PER-AVER,SWP Delivery,,,,,,,,,,,,,,,
,/CALSIM/PERDV_CVPAG_SYS/PERCENT-DELIVERY//1MON/L2020A/,CALSIM,PERDV_CVPAG_SYS,PERCENT-DELIVERY,,L2020A,96,CR,INST-VAL,CVP Allocation (Ag),,,,,,,,,,,,,,,
,/CALSIM/PERDV_CVPAG_S/PERCENT-DELIVERY//1MON/L2020A/,CALSIM,PERDV_CVPAG_S,PERCENT-DELIVERY,,L2020A,97,CS,INST-VAL,CVP Allocation (SOD Ag),,,,,,,,,,,,,,,
,/CALSIM/PERDV_CVPMI_SYS/PERCENT-DELIVERY//1MON/L2020A/,CALSIM,PERDV_CVPMI_SYS,PERCENT-DELIVERY,,L2020A,98,CT,INST-VAL,CVP Allocation (M&I),,,,,,,,,,,,,,,
,/CALSIM/PERDV_CVPMI_S/PERCENT-DELIVERY//1MON/L2020A/,CALSIM,PERDV_CVPMI_S,PERCENT-DELIVERY,,L2020A,99,CU,INST-VAL,CVP Allocation (SOD M&I),,,,,,,,,,,,,,,
,/CALSIM/PERDV_CVPSC_SYS/PERCENT-DELIVERY//1MON/L2020A/,CALSIM,PERDV_CVPSC_SYS,PERCENT-DELIVERY,,L2020A,100,CV,INST-VAL,CVP Allocation (Settlement Contractors),,,,,,,,,,,,,,,
,/CALSIM/PERDV_CVPEX_S/PERCENT-DELIVERY//1MON/L2020A/,CALSIM,PERDV_CVPEX_S,PERCENT-DELIVERY,,L2020A,101,CW,INST-VAL,CVP Allocation (Exchange Contractors),,,,,,,,,,,,,,,
,/CALSIM/PERDV_SWP_MWD1/PERCENT-DELIVERY//1MON/L2020A/,CALSIM,PERDV_SWP_MWD1,PERCENT-DELIVERY,,L2020A,102,CX,INST-VAL,SWP Allocation (M&I),,,,,,,,,,,,,,,
,/CALSIM/PERDV_SWP_AG1/PERCENT-DELIVERY//1MON/L2020A/,CALSIM,PERDV_SWP_AG1,PERCENT-DELIVERY,,L2020A,103,CY,INST-VAL,SWP Allocation (Ag),,,,,,,,,,,,,,,
,/CALSIM/PERDV_SWP_FSC/PERCENT-DELIVERY//1MON/L2020A/,CALSIM,PERDV_SWP_FSC,PERCENT-DELIVERY,,L2020A,104,CZ,INST-VAL,SWP Allocation (FRSA),,,,,,,,,,,,,,,
,/CALSIM/SHORT_CVP_TOT_N/DELIVERY-SHORTAGE-CVP//1MON/L2020A/,CALSIM,SHORT_CVP_TOT_N,DELIVERY-SHORTAGE-CVP,,L2020A,105,DA,PER-AVER,SHORT_CVP_TOT_N,,,,,,,,,,,,,,,
,/CALSIM/SHORT_CVP_PSC_N/DELIVERY-SHORTAGE-CVP//1MON/L2020A/,CALSIM,SHORT_CVP_PSC_N,DELIVERY-SHORTAGE-CVP,,L2020A,106,DB,PER-AVER,SHORT_CVP_PSC_N,,,,,,,,,,,,,,,
,/CALSIM/SHORT_CVP_PRF_N/DELIVERY-SHORTAGE-CVP//1MON/L2020A/,CALSIM,SHORT_CVP_PRF_N,DELIVERY-SHORTAGE-CVP,,L2020A,107,DC,PER-AVER,SHORT_CVP_PRF_N,,,,,,,,,,,,,,,
,/CALSIM/SHORT_CVP_TOT_S/DELIVERY-SHORTAGE-CVP//1MON/L2020A/,CALSIM,SHORT_CVP_TOT_S,DELIVERY-SHORTAGE-CVP,,L2020A,108,DD,PER-AVER,SHORT_CVP_TOT_S,,,,,,,,,,,,,,,
,/CALSIM/SHORT_CVP_PEX_S/DELIVERY-SHORTAGE-CVP//1MON/L2020A/,CALSIM,SHORT_CVP_PEX_S,DELIVERY-SHORTAGE-CVP,,L2020A,109,DE,PER-AVER,SHORT_CVP_PEX_S,,,,,,,,,,,,,,,
,/CALSIM/SHORT_CVP_PRF_S/DELIVERY-SHORTAGE-CVP//1MON/L2020A/,CALSIM,SHORT_CVP_PRF_S,DELIVERY-SHORTAGE-CVP,,L2020A,110,DF,PER-AVER,SHORT_CVP_PRF_S,,,,,,,,,,,,,,,
,/CALSIM/SHORT_SWP_TOTA/DELIVERY-SHORTAGE-SWP//1MON/L2020A/,CALSIM,SHORT_SWP_TOTA,DELIVERY-SHORTAGE-SWP,,L2020A,111,DG,PER-AVER,SHORT_SWP_TOTAL,,,,,,,,,,,,,,,
,/CALSIM/C_OMR014_LBOUND/FLOW-LBOUND//1MON/L2020A/,CALSIM,C_OMR014_LBOUND,FLOW-LBOUND,TAF,L2020A,112,DH,PER-AVER,OMR Requirement,,,,,,,,,,,,,,,
,/CALSIM/NDOI_ADD/FLOW//1MON/L2020A/,CALSIM,NDOI_ADD,FLOW,TAF,L2020A,113,DI,PER-AVER,NDOI Excess,,,,,,,,,,,,,,,
,/CALSIM/D407_SMSCGadj/FLOW-DELIVERY//1MON/L2020A/,CALSIM,D407_SMSCGadj,FLOW-DELIVERY,TAF,L2020A,114,DJ,PER-AVER,SMSCG Salinty Effect Flow Equivalent,,,,,,,,,,,,,,,
,/CALSIM/RS_EC_MONTH/SALINITY//1MON/L2020A/,CALSIM,RS_EC_MONTH,SALINITY,,L2020A,115,DK,PER-AVER,RS Salinity,,,,,,,,,,,,,,,
,/CALSIM/RSREQSACDV/FLOW//1MON/L2020A/,CALSIM,RSREQSACDV,FLOW,TAF,L2020A,116,DL,PER-AVER,RS Sac Req Flow,,,,,,,,,,,,,,,
,/CALSIM/JP_EC_MONTH/SALINITY//1MON/L2020A/,CALSIM,JP_EC_MONTH,SALINITY,,L2020A,117,DM,PER-AVER,JP Salinity,,,,,,,,,,,,,,,
,/CALSIM/JPREQSACDV/FLOW//1MON/L2020A/,CALSIM,JPREQSACDV,FLOW,TAF,L2020A,118,DN,PER-AVER,JP Sac Req Flow,,,,,,,,,,,,,,,
,/CALSIM/EM_EC_MONTH/SALINITY//1MON/L2020A/,CALSIM,EM_EC_MONTH,SALINITY,,L2020A,119,DO,PER-AVER,EM Salinity,,,,,,,,,,,,,,,
,/CALSIM/EMREQSACDV/FLOW//1MON/L2020A/,CALSIM,EMREQSACDV,FLOW,TAF,L2020A,120,DP,PER-AVER,EM Sac Req Flow,,,,,,,,,,,,,,,
,/CALSIM/CO_EC_MONTH/SALINITY//1MON/L2020A/,CALSIM,CO_EC_MONTH,SALINITY,,L2020A,121,DQ,PER-AVER,CO Salinity,,,,,,,,,,,,,,,
,/CALSIM/COREQSACDV/FLOW//1MON/L2020A/,CALSIM,COREQSACDV,FLOW,TAF,L2020A,122,DR,PER-AVER,CO Sac Req Flow,,,,,,,,,,,,,,,
,/CALSIM/DO_REQ_X2CNF_OUT/FLOW-REQ-X2CNF//1MON/L2020A/,CALSIM,DO_REQ_X2CNF_OUT,FLOW-REQ-X2CNF,TAF,L2020A,123,DS,PER-AVER,X2 CNF Delta Req Outflow,,,,,,,,,,,,,,,
,/CALSIM/DO_REQ_X2CHS_OUT/FLOW-REQ-X2CHS//1MON/L2020A/,CALSIM,DO_REQ_X2CHS_OUT,FLOW-REQ-X2CHS,TAF,L2020A,124,DT,PER-AVER,X2 CHS Delta Req Outflow,,,,,,,,,,,,,,,
,/CALSIM/DO_REQ_X2ROE_OUT/FLOW-REQ-X2ROE//1MON/L2020A/,CALSIM,DO_REQ_X2ROE_OUT,FLOW-REQ-X2ROE,TAF,L2020A,125,DU,PER-AVER,X2 ROE Delta Req Outflow,,,,,,,,,,,,,,,
,/CALSIM/MRDO_FINALDV/FLOW-REQ-MRDO//1MON/L2020A/,CALSIM,MRDO_FINALDV,FLOW-REQ-MRDO,TAF,L2020A,126,DV,PER-AVER,FINAL X2 Delta Req Outflow (day weighted),,,,,,,,,,,,,,,
,/CALSIM/NDOI_MIN/FLOW//1MON/L2020A/,CALSIM,NDOI_MIN,FLOW,TAF,L2020A,127,DW,PER-AVER,Delta Minimum Outflow Achieved,,,,,,,,,,,,,,,
,/CALSIM/GP_SacWBA/GW-PUMPING//1MON/L2020A/,CALSIM,GP_SacWBA,GW-PUMPING,TAF,L2020A,128,DX,PER-AVER,Total Sac Basin Groundwater Pumping,,,,,,,,,,,,,,,
,/CALSIM/SG_SACValley/STREAM-GAIN//1MON/L2020A/,CALSIM,SG_SACValley,STREAM-GAIN,TAF,L2020A,129,DY,PER-AVER,Total Sac Basin Stream Gain,,,,,,,,,,,,,,,
,/CALSIM/GP_WBAtotal_7S/GW-PUMPING//1MON/L2020A/,CALSIM,GP_WBAtotal_7S,GW-PUMPING,TAF,L2020A,130,DZ,PER-AVER,Groundwater Pumping - WBA7S,,,,,,,,,,,,,,,
,/CALSIM/GP_WBAtotal_8S/GW-PUMPING//1MON/L2020A/,CALSIM,GP_WBAtotal_8S,GW-PUMPING,TAF,L2020A,131,EA,PER-AVER,Groundwater Pumping - WBA8S,,,,,,,,,,,,,,,
,/CALSIM/GP_WBAtotal_8N/GW-PUMPING//1MON/L2020A/,CALSIM,GP_WBAtotal_8N,GW-PUMPING,TAF,L2020A,132,EB,PER-AVER,Groundwater Pumping - WBA8N,,,,,,,,,,,,,,,
,/CALSIM/D_STS059_UFC000/DIVERSION//1MON/L2020A/,CALSIM,D_STS059_UFC000,DIVERSION,TAF,L2020A,133,EC,PER-AVER,Stanislaus River Delivery - SEWD/CSJ,,,,,,,,,,,,,,,
,/CALSIM/C_STS017/CHANNEL//1MON/L2020A/,CALSIM,C_STS017,CHANNEL,TAF,L2020A,134,ED,PER-AVER,Stanislaus River Delivery - OID/SSJID Sale to SEWD,,,,,,,,,,,,,,,
,/CALSIM/D_STS059_SSJ001/DIVERSION//1MON/L2020A/,CALSIM,D_STS059_SSJ001,DIVERSION,TAF,L2020A,135,EE,PER-AVER,Stanislaus River Delivery - Oakdale North / SSJID 1,,,,,,,,,,,,,,,
,/CALSIM/D_STS059_OAK001/DIVERSION//1MON/L2020A/,CALSIM,D_STS059_OAK001,DIVERSION,TAF,L2020A,136,EF,PER-AVER,Stanislaus River Delivery - Oakdale North / SSJID 2,,,,,,,,,,,,,,,
,/CALSIM/C_SSL001/CHANNEL//1MON/L2020A/,CALSIM,C_SSL001,CHANNEL,TAF,L2020A,137,EG,PER-AVER,Sutter Bypass Flow,,,,,,,,,,,,,,,
,/CALSIM/D408_CVP/FLOW-DELIVERY//1MON/L2020A/,CALSIM,D408_CVP,FLOW-DELIVERY,TAF,L2020A,138,EH,PER-AVER,D408_CVP,,,,,,,,,,,,,,,
,/CALSIM/D420/FLOW-DELIVERY//1MON/L2020A/,CALSIM,D420,FLOW-DELIVERY,TAF,L2020A,139,EI,PER-AVER,CCWD CVP Delivery,,,,,,,,,,,,,,,
,/CALSIM/ShastaBin_/LTO-Flag//1MON/L2020A/,CALSIM,ShastaBin_,LTO-Flag,,L2020A,140,EJ,PER-AVER,LTO Bin Value Shasta PA,,,,,,,,,,,,,,,
,/CALSIM/EOAprShastaEst_/debug-taf//1MON/L2020A/,CALSIM,EOAprShastaEst_,debug-taf,,L2020A,141,EK,PER-AVER,Estimated Shasta Storage End of April,,,,,,,,,,,,,,,
,/CALSIM/EOSeptShastaEst_/storage-est//1MON/L2020A/,CALSIM,EOSeptShastaEst_,storage-est,,L2020A,142,EL,PER-AVER,Estimated Shasta Storage End of September,,,,,,,,,,,,,,,
,/CALSIM/NDOI_ADD_CVP/FLOW-CHANNEL//1MON/L2020A/,CALSIM,NDOI_ADD_CVP,FLOW-CHANNEL,TAF,L2020A,145,EO,PER-AVER,Delta Excess Outflow CVP,,,,,,,,,,,,,,,
,/CALSIM/C_KSWCK_ADD/FLOW-ADDITIONAL-INSTREAM//1MON/L2020A/,CALSIM,C_KSWCK_ADD,FLOW-ADDITIONAL-INSTREAM,TAF,L2020A,146,EP,PER-AVER,Keswick Excess Flow,,,,,,,,,,,,,,,
,/CALSIM/C_SAC120_ADD/FLOW-ADDITIONAL-INSTREAM//1MON/L2020A/,CALSIM,C_SAC120_ADD,FLOW-ADDITIONAL-INSTREAM,TAF,L2020A,147,EQ,PER-AVER,Wilkins Slough Excess Flow,,,,,,,,,,,,,,,
,/CALSIM/C_NTOMA_ADD/FLOW-ADD-INSTREAM//1MON/L2020A/,CALSIM,C_NTOMA_ADD,FLOW-ADD-INSTREAM,TAF,L2020A,148,ER,PER-AVER,Natoma Excess Flow,,,,,,,,,,,,,,,
,/CALSIM/C_AMR004_ADD/FLOW-ADDITIONAL-INSTREAM//1MON/L2020A/,CALSIM,C_AMR004_ADD,FLOW-ADDITIONAL-INSTREAM,TAF,L2020A,149,ES,PER-AVER,American R Hst Excess Flow,,,,,,,,,,,,,,,
,/CALSIM/C_SAC017_ADD/FLOW-ADDITIONAL-INSTREAM//1MON/L2020A/,CALSIM,C_SAC017_ADD,FLOW-ADDITIONAL-INSTREAM,TAF,L2020A,150,ET,PER-AVER,Sacramento River above Rio Vista Excess Flow,,,,,,,,,,,,,,,
,,CALSIM,SWP_CO_TOTAL,SWP_DELIVERY,TAF,L2020A,,,,SWP South of Delta Delivery - Carryover,,,,,,,,,,,,,,,
,,CALSIM,C_MLRTN,FLOW-CHANNEL,TAF,L2020A,,,,Release from Friant Dam to San Joaquin River,,,,,,,,,,,,,,,
,,CALSIM,C_PEDRO,FLOW-CHANNEL,TAF,L2020A,,,,Release from New Don Pedro Reservoir to Tuolumne River,,,,,,,,,,,,,,,
,,CALSIM,C_MCLRE,FLOW-CHANNEL,TAF,L2020A,,,,Release from Lake McClure to Merced River,,,,,,,,,,,,,,,
,,CALSIM,C_NHGAN,FLOW-CHANNEL,TAF,L2020A,,,,Release from New Hogan Reservoir to Calaveras River,,,,,,,,,,,,,,,
,,CALSIM,C_ESTMN,FLOW-CHANNEL,TAF,L2020A,,,,Release from Eastman Lake to Chowchilla River,,,,,,,,,,,,,,,
,,CALSIM,C_HNSLY,FLOW-CHANNEL,TAF,L2020A,,,,Release from Hensley Lake to Fresno River,,,,,,,,,,,,,,,
,,CALSIM,DEL_SWP_PAG,DELIVERY-SWP,TAF,L2020A,,,,Total SWP Ag Deliveries,,,,,,,,,,,,,,,
,,CALSIM,DEL_SWP_PAG_N,DELIVERY-SWP,TAF,L2020A,,,,SWP Ag Deliveries NOD (Includes FRSA),,,,,,,,,,,,,,,
,,CALSIM,DEL_SWP_PAG_S,DELIVERY-SWP,TAF,L2020A,,,,SWP Ag Deliveries SOD,,,,,,,,,,,,,,,
,,CALSIM,DEL_SWP_PMI,DELIVERY-SWP,TAF,L2020A,,,,Total SWP M&I Deliveries,,,,,,,,,,,,,,,
,,CALSIM,DEL_SWP_PMI_N,DELIVERY-SWP,TAF,L2020A,,,,SWP M&I Deliveries NOD,,,,,,,,,,,,,,,
,,CALSIM,DEL_SWP_PMI_S,DELIVERY-SWP,TAF,L2020A,,,,SWP M&I Deliveries SOD,,,,,,,,,,,,,,,
,,CALSIM,C_DMC000,CHANNEL,TAF,L2020A,,,,Was D_JONES in CALLITE,,,,,,,,,,,,,,,
,,CALSIM,C_CAA003,CHANNEL,TAF,L2020A,,,,Was D_BANKS in CALLITE,,,,,,,,,,,,,,,
,,CALSIM,WYT_SAC_,WATERYEARTYPE,,L2020A,,,,Water Year Type SAC,,,,,,,,,,,,,,,
,,CALSIM,WYT_SJR_,WATERYEARTYPE,,L2020A,,,,Water Year Type SJ,,,,,,,,,,,,,,,
,,CALSIM,WYT_SHASTA_CVP_,WATERYEARTYPE,,L2020A,,,,Water Year Type SHASTA,,,,,,,,,,,,,,,
,,CALSIM,S_NBLDB,STORAGE,,L2020A,,,,New Bullards Bar Storage,,,,,,,,,,,,,,,
,/CALSIM/C_SAC000/CHANNEL//1MON/L2020A/,CALSIM,C_SAC000,CHANNEL,TAF,L2020A,,,,Net Delta Outflow,,,,,,,,,,,,,,,
,/CALSIM/C_SAC000_MIF/FLOW-MIN-INSTREAM//1MON/L2020A/,CALSIM,C_SAC000_MIF,FLOW-MIN-INSTREAM,TAF,L2020A,,,PER-AVER,Net Delta MinFlow,,,,,,,,,,,,,,,
,/CALSIM/C_SAC000_FLOW_SELECTDV/FLOW-MIN-EFLOW//1MON/L2020A/,CALSIM,C_SAC000_FLOW_SELECTDV,FLOW-MIN-EFLOW,TAF,L2020A,,,PER-AVER,Net Delta EFlow,,,,,,,,,,,,,,,
,/CALSIM/C_DMC000_TD/FLOW-DELIVERY/1MON/L2020A/,CALSIM,C_DMC000_TD,FLOW-DELIVERY,TAF,L2020A,,,,CVP Exports at Jones,,,,,,,,,,,,,,,
,/CALSIM/C_CAA003_TD/FLOW-DELIVERY/1MON/L2020A/,CALSIM,C_CAA003_TD,FLOW-DELIVERY,TAF,L2020A,,,,Total Exports at Banks,,,,,,,,,,,,,,,
,/CALSIM/C_FTR029CHANNEL//1MON/L2020A/,CALSIM,C_FTR029,CHANNEL,TAF,L2020A,,,,Flow Feather Node 29,,,,,,,,,,,,,,,
,/CALSIM/C_FTR029_MIF/FLOW-MIN-INSTREAM//1MON/L2020A/,CALSIM,C_FTR029_MIF,FLOW-MIN-INSTREAM,TAF,L2020A,,,PER-AVER,Min Flow Feather Node 29,,,,,,,,,,,,,,,
,/CALSIM/C_FTR029_FLOW_SELECTDV/FLOW-MIN-EFLOW//1MON/L2020A/,CALSIM,C_FTR029_FLOW_SELECTDV,FLOW-MIN-EFLOW,TAF,L2020A,,,PER-AVER,EFlow Feather Node 29,,,,,,,,,,,,,,,
,/CALSIM/C_MCD005/CHANNEL//1MON/L2020A/,CALSIM,C_MCD005,CHANNEL,TAF,L2020A,,,,Flow Merced Node 5,,,,,,,,,,,,,,,
,/CALSIM/C_MCD005_MIF/FLOW-MIN-INSTREAM//1MON/L2020A/,CALSIM,C_MCD005_MIF,FLOW-MIN-INSTREAM,TAF,L2020A,,,PER-AVER,Min Flow Merced Node 5,,,,,,,,,,,,,,,
,/CALSIM/C_MCD005_FLOW_SELECTDV/FLOW-MIN-EFLOW//1MON/L2020A/,CALSIM,C_MCD005_FLOW_SELECTDV,FLOW-MIN-EFLOW,TAF,L2020A,,,PER-AVER,EFlow  Merced Node 5,,,,,,,,,,,,,,,
,/CALSIM/C_MOK028/CHANNEL//1MON/L2020A/,CALSIM,C_MOK028,CHANNEL,TAF,L2020A,,,,Flow Mokelumne Node 28,,,,,,,,,,,,,,,
,/CALSIM/C_MOK028_MIF/FLOW-MIN-INSTREAM//1MON/L2020A/,CALSIM,C_MOK028_MIF,FLOW-MIN-INSTREAM,TAF,L2020A,,,PER-AVER,Min Flow Mokelumne Node 28,,,,,,,,,,,,,,,
,/CALSIM/C_MOK028_FLOW_SELECTDV/FLOW-MIN-EFLOW//1MON/L2020A/,CALSIM,C_MOK028_FLOW_SELECTDV,FLOW-MIN-EFLOW,TAF,L2020A,,,PER-AVER,EFlow Mokelumne Node 28,,,,,,,,,,,,,,,
,/CALSIM/C_SAC049/CHANNEL//1MON/L2020A/,CALSIM,C_SAC049,CHANNEL,TAF,L2020A,,,,Flow Sacramento Node 49,,,,,,,,,,,,,,,
,/CALSIM/C_SAC049_MIF/FLOW-MIN-INSTREAM//1MON/L2020A/,CALSIM,C_SAC049_MIF,FLOW-MIN-INSTREAM,TAF,L2020A,,,PER-AVER,Min Flow Sacramento Node 49,,,,,,,,,,,,,,,
,/CALSIM/C_SAC049_FLOW_SELECTDV/FLOW-MIN-EFLOW//1MON/L2020A/,CALSIM,C_SAC049_FLOW_SELECTDV,FLOW-MIN-EFLOW,TAF,L2020A,,,PER-AVER,EFlow Sacramento Node 49,,,,,,,,,,,,,,,
,/CALSIM/C_SAC122/CHANNEL//1MON/L2020A/,CALSIM,C_SAC122,CHANNEL,TAF,L2020A,,,,Flow Sacramento Node 122,,,,,,,,,,,,,,,
,/CALSIM/C_SAC122_MIF/FLOW-MIN-INSTREAM//1MON/L2020A/,CALSIM,C_SAC122_MIF,FLOW-MIN-INSTREAM,TAF,L2020A,,,PER-AVER,Min Flow Sacramento Node 122,,,,,,,,,,,,,,,
,/CALSIM/C_SAC122_FLOW_SELECTDV/FLOW-MIN-EFLOW//1MON/L2020A/,CALSIM,C_SAC122_FLOW_SELECTDV,FLOW-MIN-EFLOW,TAF,L2020A,,,PER-AVER,EFlow Sacramento Node 122,,,,,,,,,,,,,,,
,/CALSIM/C_SAC148/CHANNEL//1MON/L2020A/,CALSIM,C_SAC148,CHANNEL,TAF,L2020A,,,,Flow Sacramento Node 148,,,,,,,,,,,,,,,
,/CALSIM/C_SAC148_MIF/FLOW-MIN-INSTREAM//1MON/L2020A/,CALSIM,C_SAC148_MIF,FLOW-MIN-INSTREAM,TAF,L2020A,,,PER-AVER,Min Flow Sacramento Node 148,,,,,,,,,,,,,,,
,/CALSIM/C_SAC148_FLOW_SELECTDV/FLOW-MIN-EFLOW//1MON/L2020A/,CALSIM,C_SAC148_FLOW_SELECTDV,FLOW-MIN-EFLOW,TAF,L2020A,,,PER-AVER,EFlow Sacramento Node 148,,,,,,,,,,,,,,,
,/CALSIM/C_SAC289/CHANNEL//1MON/L2020A/,CALSIM,C_SAC289,CHANNEL,TAF,L2020A,,,,Flow Sacramento Node 289,,,,,,,,,,,,,,,
,/CALSIM/C_SAC289_MIF/FLOW-MIN-INSTREAM//1MON/L2020A/,CALSIM,C_SAC289_MIF,FLOW-MIN-INSTREAM,TAF,L2020A,,,PER-AVER,Min Flow Sacramento Node 289,,,,,,,,,,,,,,,
,/CALSIM/C_SAC289_FLOW_SELECTDV/FLOW-MIN-EFLOW//1MON/L2020A/,CALSIM,C_SAC289_FLOW_SELECTDV,FLOW-MIN-EFLOW,TAF,L2020A,,,PER-AVER,EFlow Sacramento Node 289,,,,,,,,,,,,,,,
,/CALSIM/C_SJR127/CHANNEL//1MON/L2020A/,CALSIM,C_SJR127,CHANNEL,TAF,L2020A,,,,Flow  San Joaquin Node 127,,,,,,,,,,,,,,,
,/CALSIM/C_SJR127_MIF/FLOW-MIN-INSTREAM//1MON/L2020A/,CALSIM,C_SJR127_MIF,FLOW-MIN-INSTREAM,TAF,L2020A,,,PER-AVER,Min Flow  San Joaquin Node 127,,,,,,,,,,,,,,,
,/CALSIM/C_SJR127_FLOW_SELECTDV/FLOW-MIN-EFLOW//1MON/L2020A/,CALSIM,C_SJR127_FLOW_SELECTDV,FLOW-MIN-EFLOW,TAF,L2020A,,,PER-AVER,EFlow  San Joaquin Node 127,,,,,,,,,,,,,,,
,/CALSIM/SP_SAC159_BTC003/RIVER-SPILLS//1MON/L2020A/,CALSIM,SP_SAC159_BTC003,RIVER-SPILLS,TAF,L2020A,,,,Spill Flow Sacramento Node 159 ,,,,,,,,,,,,,,,
,/CALSIM/SP_SAC159_BTC003_MIF/FLOW-MIN-INSTREAM//1MON/L2020A/,CALSIM,SP_SAC159_BTC003_MIF,FLOW-MIN-INSTREAM,TAF,L2020A,,,PER-AVER,MinSpillFlow Sacramento Node 159 ,,,,,,,,,,,,,,,
,/CALSIM/SP_SAC159_BTC003_FLOW_SELECTDV/FLOW-MIN-EFLOW//1MON/L2020A/,CALSIM,SP_SAC159_BTC003_FLOW_SELECTDV,FLOW-MIN-EFLOW,TAF,L2020A,,,PER-AVER,ESpillFlow Sacramento Node 159 ,,,,,,,,,,,,,,,
,/CALSIM/C_STS011/CHANNEL//1MON/L2020A/,CALSIM,C_STS011,CHANNEL,TAF,L2020A,,,,Flow Stanislaus Node 11,,,,,,,,,,,,,,,
,/CALSIM/C_STS0111_MIF/FLOW-MIN-INSTREAM//1MON/L2020A/,CALSIM,C_STS011_MIF,FLOW-MIN-INSTREAM,TAF,L2020A,,,PER-AVER,MinFlow Stanislaus Node 11,,,,,,,,,,,,,,,
,/CALSIM/C_STS011_FLOW_SELECTDV/FLOW-MIN-EFLOW//1MON/L2020A/,CALSIM,C_STS011_FLOW_SELECTDV,FLOW-MIN-EFLOW,TAF,L2020A,,,PER-AVER,EFlow Stanislaus Node 11,,,,,,,,,,,,,,,
,/CALSIM/C_TRN111/CHANNEL//1MON/L2020A/,CALSIM,C_TRN111,CHANNEL,TAF,L2020A,,,,Flow Trinity Node 111,,,,,,,,,,,,,,,
,/CALSIM/C_TRN111_MIF/FLOW-MIN-INSTREAM//1MON/L2020A/,CALSIM,C_TRN111_MIF,FLOW-MIN-INSTREAM,TAF,L2020A,,,PER-AVER,MinFlow Trinity Node 111,,,,,,,,,,,,,,,
,/CALSIM/C_TRN111_FLOW_SELECTDV/FLOW-MIN-EFLOW//1MON/L2020A/,CALSIM,C_TRN111_FLOW_SELECTDV,FLOW-MIN-EFLOW,TAF,L2020A,,,PER-AVER,EFlow Trinity Node 111,,,,,,,,,,,,,,,
,/CALSIM/EXTRA_DELTA_OUTFLOW_SELECTDV/FLOW-MIN-EFLOW//1MON/L2020A/,CALSIM,EXTRA_DELTA_OUTFLOW_SELECTDV,FLOW-MIN-EFLOW,TAF,L2020A,,,PER-AVER,Extra Delta Eflow,,,,,,,,,,,,,,,
,/CALSIM/TRACYEC_MAX14DAY/SALINITY-APPROX//1MON/L2020A/,CALSIM,TRACYEC_MAX14DAY,SALINITY-APPROX,,L2020A,,,PER-AVER,Approximate Max 14-day salinity at Tracy,,,,,,,,,,,,,,,
,/CALSIM/BANKSEC_MAX14DAY/SALINITY-APPROX//1MON/L2020A/,CALSIM,BANKSEC_MAX14DAY,SALINITY-APPROX,,L2020A,,,PER-AVER,Approximate Max 14-day salinity at Banks,,,,,,,,,,,,,,,
,/CALSIM/AWOANN_64_XADV/ANNUAL-APPLIED-WATER//1MON/L2020A/,CALSIM,AWOANN_64_XADV,ANNUAL-APPLIED-WATER,,L2020A,,,PER-AVER,Annual demand for exchange contractors,,,,,,,,,,,,,,,
,/CALSIM/AWOANN_72_XA1DV/ANNUAL-APPLIED-WATER//1MON/L2020A/,CALSIM,AWOANN_72_XA1DV,ANNUAL-APPLIED-WATER,,L2020A,,,PER-AVER,Annual demand for exchange contractors,,,,,,,,,,,,,,,
,/CALSIM/AWOANN_72_XA3DV/ANNUAL-APPLIED-WATER//1MON/L2020A/,CALSIM,AWOANN_72_XA2DV,ANNUAL-APPLIED-WATER,,L2020A,,,PER-AVER,Annual demand for exchange contractors,,,,,,,,,,,,,,,
,/CALSIM/AWOANN_72_XA3DV/ANNUAL-APPLIED-WATER//1MON/L2020A/,CALSIM,AWOANN_72_XA3DV,ANNUAL-APPLIED-WATER,,L2020A,,,PER-AVER,Annual demand for exchange contractors,,,,,,,,,,,,,,,
,/CALSIM/AWOANN_73_XADV/ANNUAL-APPLIED-WATER//1MON/L2020A/,CALSIM,AWOANN_73_XADV,ANNUAL-APPLIED-WATER,,L2020A,,,PER-AVER,Annual demand for exchange contractors,,,,,,,,,,,,,,,
,/CALSIM/TUCP_TRIGGER_DV/TRIGGER/1MON/L2020A/,CALSIM,TUCP_TRIGGER_DV,TRIGGER,,L2020A,,,PER-AVER,TUCP indicator,,,,,,,,,,,,,,,
,/CALSIM/SG_SACAB/STREAM-GAIN/1MON/L2020A/,CALSIM,SG_SACAB,STREAM-GAIN,TAF,L2020A,,,PER-AVER,Stream Gain Mainstem and tribs down to Bend Bridge,,,,,,,,,,,,,,,
,/CALSIM/SG_SACBB/STREAM-GAIN/1MON/L2020A/,CALSIM,SG_SACBB,STREAM-GAIN,TAF,L2020A,,,PER-AVER,Stream Gain Sac and tribs between Bend Bridge and Butte City,,,,,,,,,,,,,,,
,/CALSIM/SG_SACFB/STREAM-GAIN/1MON/L2020A/,CALSIM,SG_SACFB,STREAM-GAIN,TAF,L2020A,,,PER-AVER,Stream Gain Mainstem Sac and tribs between Butte City and Fremont Weir,,,,,,,,,,,,,,,
,/CALSIM/SG_SACAMR/STREAM-GAIN/1MON/L2020A/,CALSIM,SG_SACAMR,STREAM-GAIN,TAF,L2020A,,,PER-AVER,Stream Gain Mainstem Sac and American Rivers bewteen Fremont Weir and Freeport,,,,,,,,,,,,,,,
,/CALSIM/SG_SACBASIN/STREAM-GAIN/1MON/L2020A/,CALSIM,SG_SACBASIN,STREAM-GAIN,TAF,L2020A,,,PER-AVER,Stream Gain Entire Sacramento Basin,,,,,,,,,,,,,,,
,/CALSIM/D_SAC041_ISF001/DIVERSION//1MON/L2020A/,CALSIM,D_SAC041_ISF001,DIVERSION,TAF,L2020A,6,F,PER-AVER,Diversion from Sacramento River to the tunnel,,,,,,,,,,,,,,,
,/CALSIM/C_ISF001_OMR027/CHANNEL//1MON/L2020A/,CALSIM,C_ISF001_OMR027,CHANNEL,TAF,L2020A,,,PER-AVER,Delivery of water from the tunnel to the forebays of the pumping facilities,,,,,,,,,,,,,,,
,/CALSIM/C_CAA003_IF/FLOW-DELIVERY//1MON/L2020A/,CALSIM,C_CAA003_IF,FLOW-DELIVERY,TAF,L2020A,73,BU,PER-AVER,Water from the tunnel pumped at the Banks Pumping plant into the California Aqueduct,,,,,,,,,,,,,,,
,/CALSIM/C_DMC000_IF/FLOW-DELIVERY//1MON/L2020A/,CALSIM,C_DMC000_IF,FLOW-DELIVERY,TAF,L2020A,73,BU,PER-AVER,Water from the tunnel pumped at the Jones/Tracy pumping plant into the Delta-Mendota canal,,,,,,,,,,,,,,,
,/CALSIM/SWP_FRSA/FLOW-DELIVERY//1MON/L2020A/,CALSIM,SWP_FRSA,SWP-DELIVERY,TAF,L2020A,73,BU,PER-AVER,SWP Feather River Service Area Deliveries,,,,,,,,,,,,,,,
,,,,,,,,,,,,,,,,,,,,,,,,,
,"NOT EXTRACTED, BUT AGGREGATED:",,,,,,,,,,,,,,,,,,,,,,,,
,,,NOD_STORAGE,STORAGE-CALC,,,,,,,,,,,,,,,,,,,,,
,,,SOD_STORAGE,STORAGE-CALC,,,,,,,,,,,,,,,,,,,,,
,,CALCULATED,DEL_SWP_TOTAL,DELIVERY-CALC,TAF,L2020A,,,,Total SWP Deliveries,,,,,,,,,,,,,,,
,,,DEL_NOD_AG,DELIVERY-CALC,TAF,L2020A,,,,NOD Ag Deliveries,,,,,,,,,,,,,,,
,,,DEL_SOD_AG,DELIVERY-CALC,TAF,L2020A,,,,SOD Ag Deliveries,,,,,,,,,,,,,,,
,,,DEL_NOD_MI,DELIVERY-CALC,TAF,L2020A,,,,NOD MI Deliveries,,,,,,,,,,,,,,,
,,,DEL_SOD_MI,DELIVERY-CALC,TAF,L2020A,,,,SOD MI Deliveries,,,,,,,,,,,,,,,
,,,TOTAL_EXPORTS,EXPORTS-CALC,TAF,L2020A,,,,Total Exports,,,,,,,,,,,,,,,
,,,S_SLTOT,STORAGE-CALC,,L2020A,,,,Total SLUIS Storage,,,,,,,,,,,,,,,
,,,D_TOTAL,CHANNEL-CALC,,L2020A,,,,Total Pumping,,,,,,,,,,,,,,,
,,,S_RESTOT,STORAGE-CALC,,L2020A,,,,Total Main Reservoir Storage,,,,,,,,,,,,,,,
,,,S_RESTOT_NOD,STORAGE-CALC,,L2020A,,,,Total NOD Reservoir Storage,,,,,,,,,,,,,,,
,,,DEL_CVP_TOTAL,DELIVERY-CALC,TAF,L2020A,,,,Total CVP Deliveries,,,,,,,,,,,,,,,
,,,DEL_CVPSWP_TOTAL,DELIVERY-CALC,TAF,L2020A,,,,Total CVP+SWP Deliveries,,,,,,,,,,,,,,,
,,,DEL_CVP_PAG_TOTAL,DELIVERY-CALC,TAF,L2020A,,,,Total CVP PAG Deliveries,,,,,,,,,,,,,,,
,,,DEL_CVP_PSCEX_TOTAL,DELIVERY-CALC,TAF,L2020A,,,,Total CVP PSCEX Deliveries,,,,,,,,,,,,,,,
,,,DEL_CVP_PRF_TOTAL,DELIVERY-CALC,TAF,L2020A,,,,Total CVP PRF Deliveries,,,,,,,,,,,,,,,
,,,AWOANN_ALL_DV,ANNUAL-APPLIED-WATER-CALC,,L2020A,,,,Total Annual Applied Water,,,,,,,,,,,,,,,
,,,,,,,,,,,,,,,,,,,,,,,,,
,"NOT EXTRACTED, BUT MANUALLY SET TO CONSTANT VALUE:",,,,,,,,,,,,,,,,,,,,,,,,
,/MANUAL-ADD/S_FOLSMLEVEL6DV/STORAGE-LEVEL//1MON/L2020A/,CALSIM,S_FOLSMLEVEL6DV,STORAGE-LEVEL,,L2020A,,,PER-AVER,Folsom Level 6,,,,,,,,,,,,,,,
,/MANUAL-ADD/S_MLRTNLEVEL5DV/STORAGE-LEVEL//1MON/L2020A/,CALSIM,S_MLRTNLEVEL5DV,STORAGE-LEVEL,,L2020A,,,PER-AVER,Millerton Level 5,,,,,,,,,,,,,,,
,/MANUAL-ADD/S_OROVLLEVEL6DV/STORAGE-LEVEL//1MON/L2020A/,CALSIM,S_OROVLLEVEL6DV,STORAGE-LEVEL,,L2020A,,,PER-AVER,Oroville level 6,,,,,,,,,,,,,,,
,/MANUAL-ADD/S_MELONLEVEL5DV/STORAGE-LEVEL//1MON/L2020A/,CALSIM,S_MELONLEVEL5DV,STORAGE-LEVEL,,L2020A,,,PER-AVER,Melones level 5,,,,,,,,,,,,,,,
,/MANUAL-ADD/S_NBLDBLEVEL6/STORAGE-LEVEL//1MON/L2020A/,CALSIM,S_NBLDBLEVEL6,STORAGE-LEVEL,,L2020A,,,PER-AVER,,,,,,,,,,,,,,,,
,/MANUAL-ADD/S_HNSLYLEVEL5/STORAGE-LEVEL//1MON/L2020A/,CALSIM,S_HNSLYLEVEL5,STORAGE-LEVEL,,L2020A,,,PER-AVER,,,,,,,,,,,,,,,,
,/MANUAL-ADD/S_MCLRELEVEL5/STORAGE-LEVEL//1MON/L2020A/,CALSIM,S_MCLRELEVEL5,STORAGE-LEVEL,,L2020A,,,PER-AVER,,,,,,,,,,,,,,,,
,/MANUAL-ADD/S_NHGANLEVEL5/STORAGE-LEVEL//1MON/L2020A/,CALSIM,S_NHGANLEVEL5,STORAGE-LEVEL,,L2020A,,,PER-AVER,,,,,,,,,,,,,,,,
,/MANUAL-ADD/S_PEDROLEVEL5/STORAGE-LEVEL//1MON/L2020A/,CALSIM,S_PEDROLEVEL5,STORAGE-LEVEL,,L2020A,,,PER-AVER,,,,,,,,,,,,,,,,
,,,,,,,,,,,,,,,,,,,,,,,,,
,,,,,,,,,,,,,,,,,,,,,,,,,
,,,,,,,,,,,,,,,,,,,,,,,,,
,,,,,,,,,,,,,,,,,,,,,,,,,
,,,,,,,,,,,,,,,,,,,,,,,,,
,,,,,,,,,,,,,,,,,,,,,,,,,
,,,,,,,,,,,,,,,,,,,,,,,,,
,,,,,,,,,,,,,,,,,,,,,,,,,
,,,,,,,,,,,,,,,,,,,,,,,,,
,,,,,,,,,,,,,,,,,,,,,,,,,
,,,,,,,,,,,,,,,,,,,,,,,,,
,,,,,,,,,,,,,,,,,,,,,,,,,
,,,,,,,,,,,,,,,,,,,,,,,,,
,,,,,,,,,,,,,,,,,,,,,,,,,
,,,,,,,,,,,,,,,,,,,,,,,,,
,,,,,,,,,,,,,,,,,,,,,,,,,
,,,,,,,,,,,,,,,,,,,,,,,,,
,,,,,,,,,,,,,,,,,,,,,,,,,
,,,,,,,,,,,,,,,,,,,,,,,,,
,,,,,,,,,,,,,,,,,,,,,,,,,
,,,,,,,,,,,,,,,,,,,,,,,,,
,,,,,,,,,,,,,,,,,,,,,,,,,
,,,,,,,,,,,,,,,,,,,,,,,,,
,,,,,,,,,,,,,,,,,,,,,,,,,
,,,,,,,,,,,,,,,,,,,,,,,,,
,,,,,,,,,,,,,,,,,,,,,,,,,
,,,,,,,,,,,,,,,,,,,,,,,,,
,,,,,,,,,,,,,,,,,,,,,,,,,
,,,,,,,,,,,,,,,,,,,,,,,,,
,,,,,,,,,,,,,,,,,,,,,,,,,
,,,,,,,,,,,,,,,,,,,,,,,,,
,,,,,,,,,,,,,,,,,,,,,,,,,
,,,,,,,,,,,,,,,,,,,,,,,,,
,,,,,,,,,,,,,,,,,,,,,,,,,
,,,,,,,,,,,,,,,,,,,,,,,,,
,,,,,,,,,,,,,,,,,,,,,,,,,
,,,,,,,,,,,,,,,,,,,,,,,,,
,,,,,,,,,,,,,,,,,,,,,,,,,
,,,,,,,,,,,,,,,,,,,,,,,,,
,,,,,,,,,,,,,,,,,,,,,,,,,
,,,,,,,,,,,,,,,,,,,,,,,,,
,,,,,,,,,,,,,,,,,,,,,,,,,
,,,,,,,,,,,,,,,,,,,,,,,,,
,,,,,,,,,,,,,,,,,,,,,,,,,
,,,,,,,,,,,,,,,,,,,,,,,,,
,,,,,,,,,,,,,,,,,,,,,,,,,
,,,,,,,,,,,,,,,,,,,,,,,,,
,,,,,,,,,,,,,,,,,,,,,,,,,
,,,,,,,,,,,,,,,,,,,,,,,,,
,,,,,,,,,,,,,,,,,,,,,,,,,
,,,,,,,,,,,,,,,,,,,,,,,,,
,,,,,,,,,,,,,,,,,,,,,,,,,
,,,,,,,,,,,,,,,,,,,,,,,,,
,,,,,,,,,,,,,,,,,,,,,,,,,
,,,,,,,,,,,,,,,,,,,,,,,,,
,,,,,,,,,,,,,,,,,,,,,,,,,
,,,,,,,,,,,,,,,,,,,,,,,,,
,,,,,,,,,,,,,,,,,,,,,,,,,
,,,,,,,,,,,,,,,,,,,,,,,,,
,,,,,,,,,,,,,,,,,,,,,,,,,
,,,,,,,,,,,,,,,,,,,,,,,,,
,,,,,,,,,,,,,,,,,,,,,,,,,
,,,,,,,,,,,,,,,,,,,,,,,,,
,,,,,,,,,,,,,,,,,,,,,,,,,
,,,,,,,,,,,,,,,,,,,,,,,,,
,,,,,,,,,,,,,,,,,,,,,,,,,
,,,,,,,,,,,,,,,,,,,,,,,,,
,,,,,,,,,,,,,,,,,,,,,,,,,
,,,,,,,,,,,,,,,,,,,,,,,,,
,,,,,,,,,,,,,,,,,,,,,,,,,
,,,,,,,,,,,,,,,,,,,,,,,,,
,,,,,,,,,,,,,,,,,,,,,,,,,
,,,,,,,,,,,,,,,,,,,,,,,,,
,,,,,,,,,,,,,,,,,,,,,,,,,
,,,,,,,,,,,,,,,,,,,,,,,,,
,,,,,,,,,,,,,,,,,,,,,,,,,
,,,,,,,,,,,,,,,,,,,,,,,,,
,,,,,,,,,,,,,,,,,,,,,,,,,
,,,,,,,,,,,,,,,,,,,,,,,,,
,,,,,,,,,,,,,,,,,,,,,,,,,
,,,,,,,,,,,,,,,,,,,,,,,,,
,,,,,,,,,,,,,,,,,,,,,,,,,
,,,,,,,,,,,,,,,,,,,,,,,,,
,,,,,,,,,,,,,,,,,,,,,,,,,
,,,,,,,,,,,,,,,,,,,,,,,,,
,,,,,,,,,,,,,,,,,,,,,,,,,
,,,,,,,,,,,,,,,,,,,,,,,,,
,,,,,,,,,,,,,,,,,,,,,,,,,
,,,,,,,,,,,,,,,,,,,,,,,,,
,,,,,,,,,,,,,,,,,,,,,,,,,
,,,,,,,,,,,,,,,,,,,,,,,,,
,,,,,,,,,,,,,,,,,,,,,,,,,
,,,,,,,,,,,,,,,,,,,,,,,,,
,,,,,,,,,,,,,,,,,,,,,,,,,
,,,,,,,,,,,,,,,,,,,,,,,,,
,,,,,,,,,,,,,,,,,,,,,,,,,
,,,,,,,,,,,,,,,,,,,,,,,,,
,,,,,,,,,,,,,,,,,,,,,,,,,
,,,,,,,,,,,,,,,,,,,,,,,,,
,,,,,,,,,,,,,,,,,,,,,,,,,
,,,,,,,,,,,,,,,,,,,,,,,,,
,,,,,,,,,,,,,,,,,,,,,,,,,
,,,,,,,,,,,,,,,,,,,,,,,,,
,,,,,,,,,,,,,,,,,,,,,,,,,
,,,,,,,,,,,,,,,,,,,,,,,,,
,,,,,,,,,,,,,,,,,,,,,,,,,
,,,,,,,,,,,,,,,,,,,,,,,,,
,,,,,,,,,,,,,,,,,,,,,,,,,
,,,,,,,,,,,,,,,,,,,,,,,,,
,,,,,,,,,,,,,,,,,,,,,,,,,
,,,,,,,,,,,,,,,,,,,,,,,,,
,,,,,,,,,,,,,,,,,,,,,,,,,
,,,,,,,,,,,,,,,,,,,,,,,,,
,,,,,,,,,,,,,,,,,,,,,,,,,
,,,,,,,,,,,,,,,,,,,,,,,,,
,,,,,,,,,,,,,,,,,,,,,,,,,
,,,,,,,,,,,,,,,,,,,,,,,,,
,,,,,,,,,,,,,,,,,,,,,,,,,
,,,,,,,,,,,,,,,,,,,,,,,,,
,,,,,,,,,,,,,,,,,,,,,,,,,
,,,,,,,,,,,,,,,,,,,,,,,,,
,,,,,,,,,,,,,,,,,,,,,,,,,
,,,,,,,,,,,,,,,,,,,,,,,,,
,,,,,,,,,,,,,,,,,,,,,,,,,
,,,,,,,,,,,,,,,,,,,,,,,,,
,,,,,,,,,,,,,,,,,,,,,,,,,
,,,,,,,,,,,,,,,,,,,,,,,,,
,,,,,,,,,,,,,,,,,,,,,,,,,
,,,,,,,,,,,,,,,,,,,,,,,,,
,,,,,,,,,,,,,,,,,,,,,,,,,
,,,,,,,,,,,,,,,,,,,,,,,,,
,,,,,,,,,,,,,,,,,,,,,,,,,
,,,,,,,,,,,,,,,,,,,,,,,,,
,,,,,,,,,,,,,,,,,,,,,,,,,
,,,,,,,,,,,,,,,,,,,,,,,,,
,,,,,,,,,,,,,,,,,,,,,,,,,
,,,,,,,,,,,,,,,,,,,,,,,,,
,,,,,,,,,,,,,,,,,,,,,,,,,
,,,,,,,,,,,,,,,,,,,,,,,,,
,,,,,,,,,,,,,,,,,,,,,,,,,
,,,,,,,,,,,,,,,,,,,,,,,,,
,,,,,,,,,,,,,,,,,,,,,,,,,
,,,,,,,,,,,,,,,,,,,,,,,,,
,,,,,,,,,,,,,,,,,,,,,,,,,
,,,,,,,,,,,,,,,,,,,,,,,,,
,,,,,,,,,,,,,,,,,,,,,,,,,
,,,,,,,,,,,,,,,,,,,,,,,,,
,,,,,,,,,,,,,,,,,,,,,,,,,
,,,,,,,,,,,,,,,,,,,,,,,,,
,,,,,,,,,,,,,,,,,,,,,,,,,
,,,,,,,,,,,,,,,,,,,,,,,,,
,,,,,,,,,,,,,,,,,,,,,,,,,
,,,,,,,,,,,,,,,,,,,,,,,,,
,,,,,,,,,,,,,,,,,,,,,,,,,
,,,,,,,,,,,,,,,,,,,,,,,,,
,,,,,,,,,,,,,,,,,,,,,,,,,
,,,,,,,,,,,,,,,,,,,,,,,,,
,,,,,,,,,,,,,,,,,,,,,,,,,
,,,,,,,,,,,,,,,,,,,,,,,,,
,,,,,,,,,,,,,,,,,,,,,,,,,
,,,,,,,,,,,,,,,,,,,,,,,,,
,,,,,,,,,,,,,,,,,,,,,,,,,
,,,,,,,,,,,,,,,,,,,,,,,,,
,,,,,,,,,,,,,,,,,,,,,,,,,
,,,,,,,,,,,,,,,,,,,,,,,,,
,,,,,,,,,,,,,,,,,,,,,,,,,
,,,,,,,,,,,,,,,,,,,,,,,,,
,,,,,,,,,,,,,,,,,,,,,,,,,
,,,,,,,,,,,,,,,,,,,,,,,,,
,,,,,,,,,,,,,,,,,,,,,,,,,
,,,,,,,,,,,,,,,,,,,,,,,,,
,,,,,,,,,,,,,,,,,,,,,,,,,
,,,,,,,,,,,,,,,,,,,,,,,,,
,,,,,,,,,,,,,,,,,,,,,,,,,
,,,,,,,,,,,,,,,,,,,,,,,,,
,,,,,,,,,,,,,,,,,,,,,,,,,
,,,,,,,,,,,,,,,,,,,,,,,,,
,,,,,,,,,,,,,,,,,,,,,,,,,
,,,,,,,,,,,,,,,,,,,,,,,,,
,,,,,,,,,,,,,,,,,,,,,,,,,
,,,,,,,,,,,,,,,,,,,,,,,,,
,,,,,,,,,,,,,,,,,,,,,,,,,
,,,,,,,,,,,,,,,,,,,,,,,,,
,,,,,,,,,,,,,,,,,,,,,,,,,
,,,,,,,,,,,,,,,,,,,,,,,,,
,,,,,,,,,,,,,,,,,,,,,,,,,
,,,,,,,,,,,,,,,,,,,,,,,,,
,,,,,,,,,,,,,,,,,,,,,,,,,
,,,,,,,,,,,,,,,,,,,,,,,,,
,,,,,,,,,,,,,,,,,,,,,,,,,
,,,,,,,,,,,,,,,,,,,,,,,,,
,,,,,,,,,,,,,,,,,,,,,,,,,
,,,,,,,,,,,,,,,,,,,,,,,,,
,,,,,,,,,,,,,,,,,,,,,,,,,
,,,,,,,,,,,,,,,,,,,,,,,,,
,,,,,,,,,,,,,,,,,,,,,,,,,
,,,,,,,,,,,,,,,,,,,,,,,,,
,,,,,,,,,,,,,,,,,,,,,,,,,
,,,,,,,,,,,,,,,,,,,,,,,,,
,,,,,,,,,,,,,,,,,,,,,,,,,
,,,,,,,,,,,,,,,,,,,,,,,,,
,,,,,,,,,,,,,,,,,,,,,,,,,
,,,,,,,,,,,,,,,,,,,,,,,,,
,,,,,,,,,,,,,,,,,,,,,,,,,
,,,,,,,,,,,,,,,,,,,,,,,,,
,,,,,,,,,,,,,,,,,,,,,,,,,
,,,,,,,,,,,,,,,,,,,,,,,,,
,,,,,,,,,,,,,,,,,,,,,,,,,
,,,,,,,,,,,,,,,,,,,,,,,,,
,,,,,,,,,,,,,,,,,,,,,,,,,
,,,,,,,,,,,,,,,,,,,,,,,,,
,,,,,,,,,,,,,,,,,,,,,,,,,
,,,,,,,,,,,,,,,,,,,,,,,,,
,,,,,,,,,,,,,,,,,,,,,,,,,
,,,,,,,,,,,,,,,,,,,,,,,,,
,,,,,,,,,,,,,,,,,,,,,,,,,
,,,,,,,,,,,,,,,,,,,,,,,,,
,,,,,,,,,,,,,,,,,,,,,,,,,
,,,,,,,,,,,,,,,,,,,,,,,,,
,,,,,,,,,,,,,,,,,,,,,,,,,
,,,,,,,,,,,,,,,,,,,,,,,,,
,,,,,,,,,,,,,,,,,,,,,,,,,
,,,,,,,,,,,,,,,,,,,,,,,,,
,,,,,,,,,,,,,,,,,,,,,,,,,
,,,,,,,,,,,,,,,,,,,,,,,,,
,,,,,,,,,,,,,,,,,,,,,,,,,
,,,,,,,,,,,,,,,,,,,,,,,,,
,,,,,,,,,,,,,,,,,,,,,,,,,
,,,,,,,,,,,,,,,,,,,,,,,,,
,,,,,,,,,,,,,,,,,,,,,,,,,
,,,,,,,,,,,,,,,,,,,,,,,,,
,,,,,,,,,,,,,,,,,,,,,,,,,
,,,,,,,,,,,,,,,,,,,,,,,,,
,,,,,,,,,,,,,,,,,,,,,,,,,
,,,,,,,,,,,,,,,,,,,,,,,,,
,,,,,,,,,,,,,,,,,,,,,,,,,
,,,,,,,,,,,,,,,,,,,,,,,,,
,,,,,,,,,,,,,,,,,,,,,,,,,
,,,,,,,,,,,,,,,,,,,,,,,,,
,,,,,,,,,,,,,,,,,,,,,,,,,
,,,,,,,,,,,,,,,,,,,,,,,,,
,,,,,,,,,,,,,,,,,,,,,,,,,
,,,,,,,,,,,,,,,,,,,,,,,,,
,,,,,,,,,,,,,,,,,,,,,,,,,
,,,,,,,,,,,,,,,,,,,,,,,,,
,,,,,,,,,,,,,,,,,,,,,,,,,
,,,,,,,,,,,,,,,,,,,,,,,,,
,,,,,,,,,,,,,,,,,,,,,,,,,
,,,,,,,,,,,,,,,,,,,,,,,,,
,,,,,,,,,,,,,,,,,,,,,,,,,
,,,,,,,,,,,,,,,,,,,,,,,,,
,,,,,,,,,,,,,,,,,,,,,,,,,
,,,,,,,,,,,,,,,,,,,,,,,,,
,,,,,,,,,,,,,,,,,,,,,,,,,
,,,,,,,,,,,,,,,,,,,,,,,,,
,,,,,,,,,,,,,,,,,,,,,,,,,
,,,,,,,,,,,,,,,,,,,,,,,,,
,,,,,,,,,,,,,,,,,,,,,,,,,
,,,,,,,,,,,,,,,,,,,,,,,,,
,,,,,,,,,,,,,,,,,,,,,,,,,
,,,,,,,,,,,,,,,,,,,,,,,,,
,,,,,,,,,,,,,,,,,,,,,,,,,
,,,,,,,,,,,,,,,,,,,,,,,,,
,,,,,,,,,,,,,,,,,,,,,,,,,
,,,,,,,,,,,,,,,,,,,,,,,,,
,,,,,,,,,,,,,,,,,,,,,,,,,
,,,,,,,,,,,,,,,,,,,,,,,,,
,,,,,,,,,,,,,,,,,,,,,,,,,
,,,,,,,,,,,,,,,,,,,,,,,,,
,,,,,,,,,,,,,,,,,,,,,,,,,
,,,,,,,,,,,,,,,,,,,,,,,,,
,,,,,,,,,,,,,,,,,,,,,,,,,
,,,,,,,,,,,,,,,,,,,,,,,,,
,,,,,,,,,,,,,,,,,,,,,,,,,
,,,,,,,,,,,,,,,,,,,,,,,,,
,,,,,,,,,,,,,,,,,,,,,,,,,
,,,,,,,,,,,,,,,,,,,,,,,,,
,,,,,,,,,,,,,,,,,,,,,,,,,
,,,,,,,,,,,,,,,,,,,,,,,,,
,,,,,,,,,,,,,,,,,,,,,,,,,
,,,,,,,,,,,,,,,,,,,,,,,,,
,,,,,,,,,,,,,,,,,,,,,,,,,
,,,,,,,,,,,,,,,,,,,,,,,,,
,,,,,,,,,,,,,,,,,,,,,,,,,
,,,,,,,,,,,,,,,,,,,,,,,,,
,,,,,,,,,,,,,,,,,,,,,,,,,
,,,,,,,,,,,,,,,,,,,,,,,,,
,,,,,,,,,,,,,,,,,,,,,,,,,
,,,,,,,,,,,,,,,,,,,,,,,,,
,,,,,,,,,,,,,,,,,,,,,,,,,
,,,,,,,,,,,,,,,,,,,,,,,,,
,,,,,,,,,,,,,,,,,,,,,,,,,
,,,,,,,,,,,,,,,,,,,,,,,,,
,,,,,,,,,,,,,,,,,,,,,,,,,
,,,,,,,,,,,,,,,,,,,,,,,,,
,,,,,,,,,,,,,,,,,,,,,,,,,
,,,,,,,,,,,,,,,,,,,,,,,,,
,,,,,,,,,,,,,,,,,,,,,,,,,
,,,,,,,,,,,,,,,,,,,,,,,,,
,,,,,,,,,,,,,,,,,,,,,,,,,
,,,,,,,,,,,,,,,,,,,,,,,,,
,,,,,,,,,,,,,,,,,,,,,,,,,
,,,,,,,,,,,,,,,,,,,,,,,,,
,,,,,,,,,,,,,,,,,,,,,,,,,
,,,,,,,,,,,,,,,,,,,,,,,,,
,,,,,,,,,,,,,,,,,,,,,,,,,
,,,,,,,,,,,,,,,,,,,,,,,,,
,,,,,,,,,,,,,,,,,,,,,,,,,
,,,,,,,,,,,,,,,,,,,,,,,,,
,,,,,,,,,,,,,,,,,,,,,,,,,
,,,,,,,,,,,,,,,,,,,,,,,,,
,,,,,,,,,,,,,,,,,,,,,,,,,
,,,,,,,,,,,,,,,,,,,,,,,,,
,,,,,,,,,,,,,,,,,,,,,,,,,
,,,,,,,,,,,,,,,,,,,,,,,,,
,,,,,,,,,,,,,,,,,,,,,,,,,
,,,,,,,,,,,,,,,,,,,,,,,,,
,,,,,,,,,,,,,,,,,,,,,,,,,
,,,,,,,,,,,,,,,,,,,,,,,,,
,,,,,,,,,,,,,,,,,,,,,,,,,
,,,,,,,,,,,,,,,,,,,,,,,,,
,,,,,,,,,,,,,,,,,,,,,,,,,
,,,,,,,,,,,,,,,,,,,,,,,,,
,,,,,,,,,,,,,,,,,,,,,,,,,
,,,,,,,,,,,,,,,,,,,,,,,,,
,,,,,,,,,,,,,,,,,,,,,,,,,
,,,,,,,,,,,,,,,,,,,,,,,,,
,,,,,,,,,,,,,,,,,,,,,,,,,
,,,,,,,,,,,,,,,,,,,,,,,,,
,,,,,,,,,,,,,,,,,,,,,,,,,
,,,,,,,,,,,,,,,,,,,,,,,,,
,,,,,,,,,,,,,,,,,,,,,,,,,
,,,,,,,,,,,,,,,,,,,,,,,,,
,,,,,,,,,,,,,,,,,,,,,,,,,
,,,,,,,,,,,,,,,,,,,,,,,,,
,,,,,,,,,,,,,,,,,,,,,,,,,
,,,,,,,,,,,,,,,,,,,,,,,,,
,,,,,,,,,,,,,,,,,,,,,,,,,
,,,,,,,,,,,,,,,,,,,,,,,,,
,,,,,,,,,,,,,,,,,,,,,,,,,
,,,,,,,,,,,,,,,,,,,,,,,,,
,,,,,,,,,,,,,,,,,,,,,,,,,
,,,,,,,,,,,,,,,,,,,,,,,,,
,,,,,,,,,,,,,,,,,,,,,,,,,
,,,,,,,,,,,,,,,,,,,,,,,,,
,,,,,,,,,,,,,,,,,,,,,,,,,
,,,,,,,,,,,,,,,,,,,,,,,,,
,,,,,,,,,,,,,,,,,,,,,,,,,
,,,,,,,,,,,,,,,,,,,,,,,,,
,,,,,,,,,,,,,,,,,,,,,,,,,
,,,,,,,,,,,,,,,,,,,,,,,,,
,,,,,,,,,,,,,,,,,,,,,,,,,
,,,,,,,,,,,,,,,,,,,,,,,,,
,,,,,,,,,,,,,,,,,,,,,,,,,
,,,,,,,,,,,,,,,,,,,,,,,,,
,,,,,,,,,,,,,,,,,,,,,,,,,
,,,,,,,,,,,,,,,,,,,,,,,,,
,,,,,,,,,,,,,,,,,,,,,,,,,
,,,,,,,,,,,,,,,,,,,,,,,,,
,,,,,,,,,,,,,,,,,,,,,,,,,
,,,,,,,,,,,,,,,,,,,,,,,,,
,,,,,,,,,,,,,,,,,,,,,,,,,
,,,,,,,,,,,,,,,,,,,,,,,,,
,,,,,,,,,,,,,,,,,,,,,,,,,
,,,,,,,,,,,,,,,,,,,,,,,,,
,,,,,,,,,,,,,,,,,,,,,,,,,
,,,,,,,,,,,,,,,,,,,,,,,,,
,,,,,,,,,,,,,,,,,,,,,,,,,
,,,,,,,,,,,,,,,,,,,,,,,,,
,,,,,,,,,,,,,,,,,,,,,,,,,
,,,,,,,,,,,,,,,,,,,,,,,,,
,,,,,,,,,,,,,,,,,,,,,,,,,
,,,,,,,,,,,,,,,,,,,,,,,,,
,,,,,,,,,,,,,,,,,,,,,,,,,
,,,,,,,,,,,,,,,,,,,,,,,,,
,,,,,,,,,,,,,,,,,,,,,,,,,
,,,,,,,,,,,,,,,,,,,,,,,,,
,,,,,,,,,,,,,,,,,,,,,,,,,
,,,,,,,,,,,,,,,,,,,,,,,,,
,,,,,,,,,,,,,,,,,,,,,,,,,
,,,,,,,,,,,,,,,,,,,,,,,,,
,,,,,,,,,,,,,,,,,,,,,,,,,
,,,,,,,,,,,,,,,,,,,,,,,,,
,,,,,,,,,,,,,,,,,,,,,,,,,
,,,,,,,,,,,,,,,,,,,,,,,,,
,,,,,,,,,,,,,,,,,,,,,,,,,
,,,,,,,,,,,,,,,,,,,,,,,,,
,,,,,,,,,,,,,,,,,,,,,,,,,
,,,,,,,,,,,,,,,,,,,,,,,,,
,,,,,,,,,,,,,,,,,,,,,,,,,
,,,,,,,,,,,,,,,,,,,,,,,,,
,,,,,,,,,,,,,,,,,,,,,,,,,
,,,,,,,,,,,,,,,,,,,,,,,,,
,,,,,,,,,,,,,,,,,,,,,,,,,
,,,,,,,,,,,,,,,,,,,,,,,,,
,,,,,,,,,,,,,,,,,,,,,,,,,
,,,,,,,,,,,,,,,,,,,,,,,,,
,,,,,,,,,,,,,,,,,,,,,,,,,
,,,,,,,,,,,,,,,,,,,,,,,,,
,,,,,,,,,,,,,,,,,,,,,,,,,
,,,,,,,,,,,,,,,,,,,,,,,,,
,,,,,,,,,,,,,,,,,,,,,,,,,
,,,,,,,,,,,,,,,,,,,,,,,,,
,,,,,,,,,,,,,,,,,,,,,,,,,
,,,,,,,,,,,,,,,,,,,,,,,,,
,,,,,,,,,,,,,,,,,,,,,,,,,
,,,,,,,,,,,,,,,,,,,,,,,,,
,,,,,,,,,,,,,,,,,,,,,,,,,
,,,,,,,,,,,,,,,,,,,,,,,,,
,,,,,,,,,,,,,,,,,,,,,,,,,
,,,,,,,,,,,,,,,,,,,,,,,,,
,,,,,,,,,,,,,,,,,,,,,,,,,
,,,,,,,,,,,,,,,,,,,,,,,,,
,,,,,,,,,,,,,,,,,,,,,,,,,
,,,,,,,,,,,,,,,,,,,,,,,,,
,,,,,,,,,,,,,,,,,,,,,,,,,
,,,,,,,,,,,,,,,,,,,,,,,,,
,,,,,,,,,,,,,,,,,,,,,,,,,
,,,,,,,,,,,,,,,,,,,,,,,,,
,,,,,,,,,,,,,,,,,,,,,,,,,
,,,,,,,,,,,,,,,,,,,,,,,,,
,,,,,,,,,,,,,,,,,,,,,,,,,
,,,,,,,,,,,,,,,,,,,,,,,,,
,,,,,,,,,,,,,,,,,,,,,,,,,
,,,,,,,,,,,,,,,,,,,,,,,,,
,,,,,,,,,,,,,,,,,,,,,,,,,
,,,,,,,,,,,,,,,,,,,,,,,,,
,,,,,,,,,,,,,,,,,,,,,,,,,
,,,,,,,,,,,,,,,,,,,,,,,,,
,,,,,,,,,,,,,,,,,,,,,,,,,
,,,,,,,,,,,,,,,,,,,,,,,,,
,,,,,,,,,,,,,,,,,,,,,,,,,
,,,,,,,,,,,,,,,,,,,,,,,,,
,,,,,,,,,,,,,,,,,,,,,,,,,
,,,,,,,,,,,,,,,,,,,,,,,,,
,,,,,,,,,,,,,,,,,,,,,,,,,
,,,,,,,,,,,,,,,,,,,,,,,,,
,,,,,,,,,,,,,,,,,,,,,,,,,
,,,,,,,,,,,,,,,,,,,,,,,,,
,,,,,,,,,,,,,,,,,,,,,,,,,
,,,,,,,,,,,,,,,,,,,,,,,,,
,,,,,,,,,,,,,,,,,,,,,,,,,
,,,,,,,,,,,,,,,,,,,,,,,,,
,,,,,,,,,,,,,,,,,,,,,,,,,
,,,,,,,,,,,,,,,,,,,,,,,,,
,,,,,,,,,,,,,,,,,,,,,,,,,
,,,,,,,,,,,,,,,,,,,,,,,,,
,,,,,,,,,,,,,,,,,,,,,,,,,
,,,,,,,,,,,,,,,,,,,,,,,,,
,,,,,,,,,,,,,,,,,,,,,,,,,
,,,,,,,,,,,,,,,,,,,,,,,,,
,,,,,,,,,,,,,,,,,,,,,,,,,
,,,,,,,,,,,,,,,,,,,,,,,,,
,,,,,,,,,,,,,,,,,,,,,,,,,
,,,,,,,,,,,,,,,,,,,,,,,,,
,,,,,,,,,,,,,,,,,,,,,,,,,
,,,,,,,,,,,,,,,,,,,,,,,,,
,,,,,,,,,,,,,,,,,,,,,,,,,
,,,,,,,,,,,,,,,,,,,,,,,,,
,,,,,,,,,,,,,,,,,,,,,,,,,
,,,,,,,,,,,,,,,,,,,,,,,,,
,,,,,,,,,,,,,,,,,,,,,,,,,
,,,,,,,,,,,,,,,,,,,,,,,,,
,,,,,,,,,,,,,,,,,,,,,,,,,
,,,,,,,,,,,,,,,,,,,,,,,,,
,,,,,,,,,,,,,,,,,,,,,,,,,
,,,,,,,,,,,,,,,,,,,,,,,,,
,,,,,,,,,,,,,,,,,,,,,,,,,
,,,,,,,,,,,,,,,,,,,,,,,,,
,,,,,,,,,,,,,,,,,,,,,,,,,
,,,,,,,,,,,,,,,,,,,,,,,,,
,,,,,,,,,,,,,,,,,,,,,,,,,
,,,,,,,,,,,,,,,,,,,,,,,,,
,,,,,,,,,,,,,,,,,,,,,,,,,
,,,,,,,,,,,,,,,,,,,,,,,,,
,,,,,,,,,,,,,,,,,,,,,,,,,
,,,,,,,,,,,,,,,,,,,,,,,,,
,,,,,,,,,,,,,,,,,,,,,,,,,
,,,,,,,,,,,,,,,,,,,,,,,,,
,,,,,,,,,,,,,,,,,,,,,,,,,
,,,,,,,,,,,,,,,,,,,,,,,,,
,,,,,,,,,,,,,,,,,,,,,,,,,
,,,,,,,,,,,,,,,,,,,,,,,,,
,,,,,,,,,,,,,,,,,,,,,,,,,
,,,,,,,,,,,,,,,,,,,,,,,,,
,,,,,,,,,,,,,,,,,,,,,,,,,
,,,,,,,,,,,,,,,,,,,,,,,,,
,,,,,,,,,,,,,,,,,,,,,,,,,
,,,,,,,,,,,,,,,,,,,,,,,,,
,,,,,,,,,,,,,,,,,,,,,,,,,
,,,,,,,,,,,,,,,,,,,,,,,,,
,,,,,,,,,,,,,,,,,,,,,,,,,
,,,,,,,,,,,,,,,,,,,,,,,,,
,,,,,,,,,,,,,,,,,,,,,,,,,
,,,,,,,,,,,,,,,,,,,,,,,,,
,,,,,,,,,,,,,,,,,,,,,,,,,
,,,,,,,,,,,,,,,,,,,,,,,,,
,,,,,,,,,,,,,,,,,,,,,,,,,
,,,,,,,,,,,,,,,,,,,,,,,,,
,,,,,,,,,,,,,,,,,,,,,,,,,
,,,,,,,,,,,,,,,,,,,,,,,,,
,,,,,,,,,,,,,,,,,,,,,,,,,
,,,,,,,,,,,,,,,,,,,,,,,,,
,,,,,,,,,,,,,,,,,,,,,,,,,
,,,,,,,,,,,,,,,,,,,,,,,,,
,,,,,,,,,,,,,,,,,,,,,,,,,
,,,,,,,,,,,,,,,,,,,,,,,,,
,,,,,,,,,,,,,,,,,,,,,,,,,
,,,,,,,,,,,,,,,,,,,,,,,,,
,,,,,,,,,,,,,,,,,,,,,,,,,
,,,,,,,,,,,,,,,,,,,,,,,,,
,,,,,,,,,,,,,,,,,,,,,,,,,
,,,,,,,,,,,,,,,,,,,,,,,,,
,,,,,,,,,,,,,,,,,,,,,,,,,
,,,,,,,,,,,,,,,,,,,,,,,,,
,,,,,,,,,,,,,,,,,,,,,,,,,
,,,,,,,,,,,,,,,,,,,,,,,,,
,,,,,,,,,,,,,,,,,,,,,,,,,
,,,,,,,,,,,,,,,,,,,,,,,,,
,,,,,,,,,,,,,,,,,,,,,,,,,
,,,,,,,,,,,,,,,,,,,,,,,,,
,,,,,,,,,,,,,,,,,,,,,,,,,
,,,,,,,,,,,,,,,,,,,,,,,,,
,,,,,,,,,,,,,,,,,,,,,,,,,
,,,,,,,,,,,,,,,,,,,,,,,,,
,,,,,,,,,,,,,,,,,,,,,,,,,
,,,,,,,,,,,,,,,,,,,,,,,,,
,,,,,,,,,,,,,,,,,,,,,,,,,
,,,,,,,,,,,,,,,,,,,,,,,,,
,,,,,,,,,,,,,,,,,,,,,,,,,
,,,,,,,,,,,,,,,,,,,,,,,,,
,,,,,,,,,,,,,,,,,,,,,,,,,
,,,,,,,,,,,,,,,,,,,,,,,,,
,,,,,,,,,,,,,,,,,,,,,,,,,
,,,,,,,,,,,,,,,,,,,,,,,,,
,,,,,,,,,,,,,,,,,,,,,,,,,
,,,,,,,,,,,,,,,,,,,,,,,,,
,,,,,,,,,,,,,,,,,,,,,,,,,
,,,,,,,,,,,,,,,,,,,,,,,,,
,,,,,,,,,,,,,,,,,,,,,,,,,
,,,,,,,,,,,,,,,,,,,,,,,,,
,,,,,,,,,,,,,,,,,,,,,,,,,
,,,,,,,,,,,,,,,,,,,,,,,,,
,,,,,,,,,,,,,,,,,,,,,,,,,
,,,,,,,,,,,,,,,,,,,,,,,,,
,,,,,,,,,,,,,,,,,,,,,,,,,
,,,,,,,,,,,,,,,,,,,,,,,,,
,,,,,,,,,,,,,,,,,,,,,,,,,
,,,,,,,,,,,,,,,,,,,,,,,,,
,,,,,,,,,,,,,,,,,,,,,,,,,
,,,,,,,,,,,,,,,,,,,,,,,,,
,,,,,,,,,,,,,,,,,,,,,,,,,
,,,,,,,,,,,,,,,,,,,,,,,,,
,,,,,,,,,,,,,,,,,,,,,,,,,
,,,,,,,,,,,,,,,,,,,,,,,,,
,,,,,,,,,,,,,,,,,,,,,,,,,
,,,,,,,,,,,,,,,,,,,,,,,,,
,,,,,,,,,,,,,,,,,,,,,,,,,
,,,,,,,,,,,,,,,,,,,,,,,,,
,,,,,,,,,,,,,,,,,,,,,,,,,
,,,,,,,,,,,,,,,,,,,,,,,,,
,,,,,,,,,,,,,,,,,,,,,,,,,
,,,,,,,,,,,,,,,,,,,,,,,,,
,,,,,,,,,,,,,,,,,,,,,,,,,
,,,,,,,,,,,,,,,,,,,,,,,,,
,,,,,,,,,,,,,,,,,,,,,,,,,
,,,,,,,,,,,,,,,,,,,,,,,,,
,,,,,,,,,,,,,,,,,,,,,,,,,
,,,,,,,,,,,,,,,,,,,,,,,,,
,,,,,,,,,,,,,,,,,,,,,,,,,
,,,,,,,,,,,,,,,,,,,,,,,,,
,,,,,,,,,,,,,,,,,,,,,,,,,
,,,,,,,,,,,,,,,,,,,,,,,,,
,,,,,,,,,,,,,,,,,,,,,,,,,
,,,,,,,,,,,,,,,,,,,,,,,,,
,,,,,,,,,,,,,,,,,,,,,,,,,
,,,,,,,,,,,,,,,,,,,,,,,,,
,,,,,,,,,,,,,,,,,,,,,,,,,
,,,,,,,,,,,,,,,,,,,,,,,,,
,,,,,,,,,,,,,,,,,,,,,,,,,
,,,,,,,,,,,,,,,,,,,,,,,,,
,,,,,,,,,,,,,,,,,,,,,,,,,
,,,,,,,,,,,,,,,,,,,,,,,,,
,,,,,,,,,,,,,,,,,,,,,,,,,
,,,,,,,,,,,,,,,,,,,,,,,,,
,,,,,,,,,,,,,,,,,,,,,,,,,
,,,,,,,,,,,,,,,,,,,,,,,,,
,,,,,,,,,,,,,,,,,,,,,,,,,
,,,,,,,,,,,,,,,,,,,,,,,,,
,,,,,,,,,,,,,,,,,,,,,,,,,
,,,,,,,,,,,,,,,,,,,,,,,,,
,,,,,,,,,,,,,,,,,,,,,,,,,
,,,,,,,,,,,,,,,,,,,,,,,,,
,,,,,,,,,,,,,,,,,,,,,,,,,
,,,,,,,,,,,,,,,,,,,,,,,,,
,,,,,,,,,,,,,,,,,,,,,,,,,
,,,,,,,,,,,,,,,,,,,,,,,,,
,,,,,,,,,,,,,,,,,,,,,,,,,
,,,,,,,,,,,,,,,,,,,,,,,,,
,,,,,,,,,,,,,,,,,,,,,,,,,
,,,,,,,,,,,,,,,,,,,,,,,,,
,,,,,,,,,,,,,,,,,,,,,,,,,
,,,,,,,,,,,,,,,,,,,,,,,,,
,,,,,,,,,,,,,,,,,,,,,,,,,
,,,,,,,,,,,,,,,,,,,,,,,,,
,,,,,,,,,,,,,,,,,,,,,,,,,
,,,,,,,,,,,,,,,,,,,,,,,,,
,,,,,,,,,,,,,,,,,,,,,,,,,
,,,,,,,,,,,,,,,,,,,,,,,,,
,,,,,,,,,,,,,,,,,,,,,,,,,
,,,,,,,,,,,,,,,,,,,,,,,,,
,,,,,,,,,,,,,,,,,,,,,,,,,
,,,,,,,,,,,,,,,,,,,,,,,,,
,,,,,,,,,,,,,,,,,,,,,,,,,
,,,,,,,,,,,,,,,,,,,,,,,,,
,,,,,,,,,,,,,,,,,,,,,,,,,
,,,,,,,,,,,,,,,,,,,,,,,,,
,,,,,,,,,,,,,,,,,,,,,,,,,
,,,,,,,,,,,,,,,,,,,,,,,,,
,,,,,,,,,,,,,,,,,,,,,,,,,
,,,,,,,,,,,,,,,,,,,,,,,,,
,,,,,,,,,,,,,,,,,,,,,,,,,
,,,,,,,,,,,,,,,,,,,,,,,,,
,,,,,,,,,,,,,,,,,,,,,,,,,
,,,,,,,,,,,,,,,,,,,,,,,,,
,,,,,,,,,,,,,,,,,,,,,,,,,
,,,,,,,,,,,,,,,,,,,,,,,,,
,,,,,,,,,,,,,,,,,,,,,,,,,
,,,,,,,,,,,,,,,,,,,,,,,,,
,,,,,,,,,,,,,,,,,,,,,,,,,
,,,,,,,,,,,,,,,,,,,,,,,,,
,,,,,,,,,,,,,,,,,,,,,,,,,
,,,,,,,,,,,,,,,,,,,,,,,,,
,,,,,,,,,,,,,,,,,,,,,,,,,
,,,,,,,,,,,,,,,,,,,,,,,,,
,,,,,,,,,,,,,,,,,,,,,,,,,
,,,,,,,,,,,,,,,,,,,,,,,,,
,,,,,,,,,,,,,,,,,,,,,,,,,
,,,,,,,,,,,,,,,,,,,,,,,,,
,,,,,,,,,,,,,,,,,,,,,,,,,
,,,,,,,,,,,,,,,,,,,,,,,,,
,,,,,,,,,,,,,,,,,,,,,,,,,
,,,,,,,,,,,,,,,,,,,,,,,,,
,,,,,,,,,,,,,,,,,,,,,,,,,
,,,,,,,,,,,,,,,,,,,,,,,,,
,,,,,,,,,,,,,,,,,,,,,,,,,
,,,,,,,,,,,,,,,,,,,,,,,,,
,,,,,,,,,,,,,,,,,,,,,,,,,
,,,,,,,,,,,,,,,,,,,,,,,,,
,,,,,,,,,,,,,,,,,,,,,,,,,
,,,,,,,,,,,,,,,,,,,,,,,,,
,,,,,,,,,,,,,,,,,,,,,,,,,
,,,,,,,,,,,,,,,,,,,,,,,,,
,,,,,,,,,,,,,,,,,,,,,,,,,
,,,,,,,,,,,,,,,,,,,,,,,,,
,,,,,,,,,,,,,,,,,,,,,,,,,
,,,,,,,,,,,,,,,,,,,,,,,,,
,,,,,,,,,,,,,,,,,,,,,,,,,
,,,,,,,,,,,,,,,,,,,,,,,,,
,,,,,,,,,,,,,,,,,,,,,,,,,
,,,,,,,,,,,,,,,,,,,,,,,,,
,,,,,,,,,,,,,,,,,,,,,,,,,
,,,,,,,,,,,,,,,,,,,,,,,,,
,,,,,,,,,,,,,,,,,,,,,,,,,
,,,,,,,,,,,,,,,,,,,,,,,,,
,,,,,,,,,,,,,,,,,,,,,,,,,
,,,,,,,,,,,,,,,,,,,,,,,,,
,,,,,,,,,,,,,,,,,,,,,,,,,
,,,,,,,,,,,,,,,,,,,,,,,,,
,,,,,,,,,,,,,,,,,,,,,,,,,
,,,,,,,,,,,,,,,,,,,,,,,,,
,,,,,,,,,,,,,,,,,,,,,,,,,
,,,,,,,,,,,,,,,,,,,,,,,,,
,,,,,,,,,,,,,,,,,,,,,,,,,
,,,,,,,,,,,,,,,,,,,,,,,,,
,,,,,,,,,,,,,,,,,,,,,,,,,
,,,,,,,,,,,,,,,,,,,,,,,,,
,,,,,,,,,,,,,,,,,,,,,,,,,
,,,,,,,,,,,,,,,,,,,,,,,,,
,,,,,,,,,,,,,,,,,,,,,,,,,
,,,,,,,,,,,,,,,,,,,,,,,,,
,,,,,,,,,,,,,,,,,,,,,,,,,
,,,,,,,,,,,,,,,,,,,,,,,,,
,,,,,,,,,,,,,,,,,,,,,,,,,
,,,,,,,,,,,,,,,,,,,,,,,,,
,,,,,,,,,,,,,,,,,,,,,,,,,
,,,,,,,,,,,,,,,,,,,,,,,,,
,,,,,,,,,,,,,,,,,,,,,,,,,
,,,,,,,,,,,,,,,,,,,,,,,,,
,,,,,,,,,,,,,,,,,,,,,,,,,
,,,,,,,,,,,,,,,,,,,,,,,,,
,,,,,,,,,,,,,,,,,,,,,,,,,
,,,,,,,,,,,,,,,,,,,,,,,,,
,,,,,,,,,,,,,,,,,,,,,,,,,
,,,,,,,,,,,,,,,,,,,,,,,,,
,,,,,,,,,,,,,,,,,,,,,,,,,
,,,,,,,,,,,,,,,,,,,,,,,,,
,,,,,,,,,,,,,,,,,,,,,,,,,
,,,,,,,,,,,,,,,,,,,,,,,,,
,,,,,,,,,,,,,,,,,,,,,,,,,
,,,,,,,,,,,,,,,,,,,,,,,,,
,,,,,,,,,,,,,,,,,,,,,,,,,
,,,,,,,,,,,,,,,,,,,,,,,,,
,,,,,,,,,,,,,,,,,,,,,,,,,
,,,,,,,,,,,,,,,,,,,,,,,,,
,,,,,,,,,,,,,,,,,,,,,,,,,
,,,,,,,,,,,,,,,,,,,,,,,,,
,,,,,,,,,,,,,,,,,,,,,,,,,
