Index,StudyName,GoogleDriveFolderName,ModelFilesLink,HydroClimate,ShortDescription,DV_Path,SV_Path,Start_Date,End_Date,Source,Metadata
s0002,9.3.1_danube_adj,9.3.1_danube_adj,9.3.1_danube_adj.zip,2023 DWR Historical Adjusted,"DCR2023 adjusted historical, current ops",s0002_DCR2023_9.3.1_danube_adj\Model_Files\DSS\output\DCR2023_DV_9.3.1_v2a_Danube_Adj_v1.8.dss,s0002_DCR2023_9.3.1_danube_adj\Model_Files\DSS\input\DCR2023_SV_Danube_Adj_v1.8.dss,10/31/1921,9/30/2021,DWR,
s0011,s0011_adjBL_wTUCP,s0011_adjBL_wTUCP,s0011_adjB_wTUCP.zip,2023 DWR Historical Adjusted,"DCR2023 adjusted historical, current ops withTUCP actions are enabled",s0011_adjBL_wTUCP\Model_Files\DSS\output\coeqwal_s0011_adjBL_wTUCP_DV_v0.1.dss,s0011_adjBL_wTUCP\Model_Files\DSS\input\coeqwal_s9999_SV_v0.0.dss,10/31/1921,9/30/2021,,
s0020,s0020_DCRadjBL_2020LU_wTUCP,s0020_DCRadjBL_2020LU_wTUCP,s0020_DCRadjBL_2020LU_wTUCP,2023 DWR Historical Adjusted,Baseline 2023 DCR operations (same as s0011) with updated 2020 ag land use and TUCP actions,s0020_DCRadjBL_2020LU_wTUCP\Model_Files\DSS\output\s0020_DCRadjBL_2020LU_wTUCP_DV_v0.1.dss,s0020_DCRadjBL_2020LU_wTUCP\Model_Files\DSS\input\coeqwal_s9999_SV_v0.1.1.dss,10/31/1921,9/30/2021,,
s0021,s0021_DCRadjBL_2020LU_woTUCP,s0021_DCRadjBL_2020LU_woTUCP,https://drive.google.com/drive/folders/1ZpVTHAI8Od94-rlGEuQ-5et7rT9br6Wb?usp=drive_link,2023 DWR Historical Adjusted,Baseline 2023 DCR operations without TCUP actions and 2020 land use (same as s0020 but without TUCP actions; also same as s0002 but with updated ag land use),s0021_DCRadjBL_2020LU_woTUCP\Model_Files\DSS\output\s0021_DCRadjBL_2020LU_woTUCP_DV_v0.1.dss,s0021_DCRadjBL_2020LU_woTUCP\Model_Files\DSS\input\coeqwal_s9999_SV_v0.1.1.dss,10/31/1921,9/30/2021,,
s0022,s0022_USBR24Alt2V1_adjHist_0413LU_woTUCP,s0022_USBR24Alt2V1_adjHist_0413LU_woTUCP,https://drive.google.com/drive/folders/1nLbhc575rT0A9z1hb7awArH3BaRGihZT?usp=drive_link,2023 DWR Historical Adjusted,Baseline - USBR's 2024 LTO alternative Alt2V1 (adjusted operations for CVP) combined with DWR's adjusted historical hydrology,s0022_USBR24Alt2V1_adjHist_0413LU_woTUCP\Model_Files\DSS\output\s0022_USBR24Alt2V1_adjHist_0413LU_woTUCP_DV_v0.1.dss,s0022_USBR24Alt2V1_adjHist_0413LU_woTUCP\Model_Files\DSS\input\coeqwal_s9999_SV_v0.0.2.dss,10/31/1921,9/30/2021,,
s0023,s0023_USBR24Alt2V1_adjBL_2020LU_woTUCP,s0023_USBR24Alt2V1_adjBL_2020LU_woTUCP,https://drive.google.com/drive/folders/1e3ib_v2IL2BCEFBno8XVMxhTBzIRpw-C?usp=drive_link,2023 DWR Historical Adjusted,Baseline - USBR's 2024 LTO alternative Alt2V1 (adjusted operations for CVP) combined with DWR's adjusted historical hydrology with updated 2020 LandIQ land use; no TUCPs,s0023_USBR24Alt2V1_adjBL_2020LU_woTUCP\Model_Files\DSS\output\s0023_USBR24Alt2V1_adjBL_2020LU_woTUCP_DV_v2_20260217.dss,s0023_USBR24Alt2V1_adjBL_2020LU_woTUCP\Model_Files\DSS\input\coeqwal_s9999_SV_v0.1.1.dss,10/31/1921,9/30/2021,,
s0024,s0024_USBR24Alt2V1_adjHist_2020LU_wTUCP,s0024_USBR24Alt2V1_adjHist_2020LU_wTUCP,https://drive.google.com/drive/folders/1tBSF9Bmf4VvPEEZKxP-Y3Vz3wYDeh-Bv?usp=drive_link,2023 DWR Historical Adjusted,Baseline -Same as s0023 but with TUCPs active (analogous to USBRs Alt2V1 with TUCPs but with DWR's adj historical hydroclimate and updated land use),s0024_USBR24Alt2V1_adjHist_2020LU_wTUCP\Model_Files\DSS\output\s0024_USBR24Alt2V1_adjHist_2020LU_wTUCP_DV_v2_20260217.dss,s0024_USBR24Alt2V1_adjHist_2020LU_wTUCP\Model_Files\DSS\input\coeqwal_s9999_SV_v0.1.2.dss,10/31/1921,9/30/2021,,
s0025,s0025_SJVgwLimit_2020LU_wTUCP_v0.2_20251102,s0025_SJVgwLimit_2020LU_wTUCP_v0.2_20251102,https://drive.google.com/drive/folders/1wkpiKMSlwaAEcMqxv3VC4rGFaMHmLdi_?usp=drive_link,2023 DWR Historical Adjusted,s0020 + groundwater pumping limits applied to SJ Valley region,s0025_SJVgwLimit_2020LU_wTUCP_v0.2_20251102\Model_Files\DSS\output\s0025_SJVgwLimit_2020LU_wTUCP_DV_v0.2.dss,s0025_SJVgwLimit_2020LU_wTUCP_v0.2_20251102\Model_Files\DSS\input\coeqwal_s9999_SV_v0.1.3.dss,10/31/1921,9/30/2021,,
s0026,s0026_SJVgwLimit_SGMALU_wTUCP,s0026_SJVgwLimit_SGMALU_wTUCP,https://drive.google.com/drive/folders/1WsnHVxPTzP3iSzmLxVJFSYS8LC2U6WY1?usp=drive_link,2023 DWR Historical Adjusted,Reductions in ag land use to balance gw conditions in SJV,s0026_SJVgwLimit_SGMALU_wTUCP\Model_Files\DSS\output\s0026_SJVgwLimit_SGMALU_wTUCP_DV_v0.1_20260111.dss,s0026_SJVgwLimit_SGMALU_wTUCP\Model_Files\DSS\input\coeqwal_s9999_SV_v0.1.12.dss,10/31/1921,9/30/2021,,
s0027,s0027_CVgwLimit_2020LU_wTUCP_v0.2_20251102,s0027_CVgwLimit_2020LU_wTUCP_v0.2_20251102,https://drive.google.com/drive/folders/1SbPwiQ765KTW7EUxTYGjfv_6kmfSm_GM?usp=drive_link,2023 DWR Historical Adjusted,s0020 + groundwater pumping limits applied across Central Valley,s0027_CVgwLimit_2020LU_wTUCP_v0.2_20251102\Model_Files\DSS\output\s0027_CVgwLimit_2020LU_wTUCP_DV_v0.2.dss,s0027_CVgwLimit_2020LU_wTUCP_v0.2_20251102\Model_Files\DSS\input\coeqwal_s9999_SV_v0.1.3.dss,10/31/1921,9/30/2021,,
s0028,s0028_CVgwLimit_SGMALU_wTUCP,s0028_CVgwLimit_SGMALU_wTUCP,https://drive.google.com/drive/folders/18jbgLLpe5wrTL84cgkkcmPYXZRvm-ZD7?usp=drive_link,2023 DWR Historical Adjusted,Same as s0027 but with reductions in ag land use to balance gw use across CV,s0028_CVgwLimit_SGMALU_wTUCP\Model_Files\DSS\output\s0028_CVgwLimit_SGMALU_wTUCP_DV_v0.6_20260111.dss,s0028_CVgwLimit_SGMALU_wTUCP\Model_Files\DSS\input\coeqwal_s9999_SV_v0.1.11.dss,10/31/1921,9/30/2021,,
s0030,s0030_DCRadjHist_2020LU_NoFlowReqt,s0030_DCRadjHist_2020LU_NoFlowReqt,https://drive.google.com/drive/folders/1YgwEwEk7ZPEvgO5STOPagjRpmHWDug5M?usp=drive_link,2023 DWR Historical Adjusted,Remove tribuatry minimum flow requirements - a test scenario; with 2020 land use,s0030_DCRadjHist_2020LU_NoFlowReqt\Model_Files\DSS\output\s0030_DCRadjHist_2020LU_NoFlowReqt_DV_20260126v02.dss,s0030_DCRadjHist_2020LU_NoFlowReqt\Model_Files\DSS\input\coeqwal_s9999_SV_v0.1.3.dss,10/31/1921,9/30/2021,,
s0031,s0031_DCRadjHist_2020LU_salmonflows,s0031_DCRadjHist_2020LU_salmonflows,https://drive.google.com/drive/folders/12WxyaU3yZcARXDikARc499brHzrlG3Pv?usp=drive_link,2023 DWR Historical Adjusted,Functional flows scenario designed for salmon outcomes,s0031_DCRadjHist_2020LU_salmonflows\Model_Files\DSS\output\s0031_DCRadjHist_2020LU_salmonflows_DV_20260126v03.dss,s0031_DCRadjHist_2020LU_salmonflows\Model_Files\DSS\input\coeqwal_s9999_SV_v0.1.14.dss,10/31/1921,9/30/2021,,
s0032,s0032_DCRadjHist_CVgwLU_eflows,s0032_DCRadjHist_CVgwLU_eflows,https://drive.google.com/drive/folders/154UWd1eBP2BHuqlGGAA0jsqkZxY6IF60?usp=drive_link,2023 DWR Historical Adjusted,Functional flows scenario with reduced CV-wide ag land use as used in gw limit scenarios,s0032_DCRadjHist_CVgwLU_eflows\Model_Files\DSS\output\s0032_DCRadjHist_CVgwLU_eflows_DV_v01_20260112.dss,s0032_DCRadjHist_CVgwLU_eflows\Model_Files\DSS\input\coeqwal_s9999_SV_v0.1.11.dss,10/31/1921,9/30/2021,,
s0033,s0033_DCRadjHist_CVgwLU_salmonflows,s0033_DCRadjHist_CVgwLU_salmonflows,https://drive.google.com/drive/folders/1WxtUDlgWoEtLRPWivAjPcLTzctYAyhFj?usp=drive_link,2023 DWR Historical Adjusted,Salmon flows scenario with reduced CV-wide ag land use as sued in gw limit scenarios,s0033_DCRadjHist_CVgwLU_salmonflows\Model_Files\DSS\output\s0033_DCRadjHist_CVgwLU_salmonflows_DV_20260126v03.dss,s0033_DCRadjHist_CVgwLU_salmonflows\Model_Files\DSS\input\coeqwal_s9999_SV_v0.11.15.dss,10/31/1921,9/30/2021,,
s0035,s0035_DCRadjBL_2020LU_PriorityHHS,s0035_DCRadjBL_2020LU_PriorityHHS,https://drive.google.com/drive/folders/1oQPEcZd_V40yNIOQpXRldoeF4o-rhj09?usp=drive_link,2023 DWR Historical Adjusted,Prioritizing the health and human safety (HHS) levels of surface water delivery to community water systems.,s0035_DCRadjBL_2020LU_PriorityHHS\Model_Files\DSS\output\s0035_DCRadjBL_2020LU_PriorityHHS_DV_v1_20260216.dss,s0035_DCRadjBL_2020LU_PriorityHHS\Model_Files\DSS\input\coeqwal_s9999_SV_v0.1.4.dss,10/31/1921,9/30/2021,,
s0036,s0036_DCRadjBL_2020LU_PriorityFuncCWN,s0036_DCRadjBL_2020LU_PriorityFuncCWN,https://drive.google.com/drive/folders/1sg4pO3g27TpzpHKI-vjVvWXI6vu9eJHa?usp=drive_link,2023 DWR Historical Adjusted,Prioritizing a functional level of deliveries to communty water systems. This is an amount intermediate to HHS and full demands and reflects a delivery of water generally considered sufficient to support community needs.,s0036_DCRadjBL_2020LU_PriorityFuncCWN\Model_Files\DSS\output\s0036_DCRadjBL_2020LU_PriorityFuncCWN_DV_v1_20260219.dss,s0036_DCRadjBL_2020LU_PriorityFuncCWN\Model_Files\DSS\input\coeqwal_s9999_SV_v0.1.4.dss,10/31/1921,9/30/2021,,
s0037,s0037_DCRadjBL_2020LU_PriorityFullCWN,s0037_DCRadjBL_2020LU_PriorityFullCWN,https://drive.google.com/drive/folders/1s-lzl32IwXKu-YLCGRcClPfHJo_z1Pa0?usp=drive_link,2023 DWR Historical Adjusted,Prioritizing full municipal demand deliveries to community water systems. Agricultural allocations in SWP and CVP systems are reduced to accomodate more delivery of surface water to community water systems.,s0037_DCRadjBL_2020LU_PriorityFullCWN\Model_Files\DSS\output\s0037_DCRadjBL_2020LU_PriorityFullCWN_DV_v1_20260216.dss,s0037_DCRadjBL_2020LU_PriorityFullCWN\Model_Files\DSS\input\coeqwal_s9999_SV_v0.1.4.dss,10/31/1921,9/30/2021,,
s0039,s0039_USBRAlt3_2020LU_DeltaOut65,s0039_USBRAlt3_2020LU_DeltaOut65,https://drive.google.com/drive/folders/1GF5FV75RfoBkwm0T5SJ75T79UT1PBKqp?usp=drive_link,2023 DWR Historical Adjusted,USBR Alt3 updated with DWR hydrology and 2020 land use; maintains 65% Delta outflow requirement as in original Alt3 (and all attendent caveats and contingencies),s0039_USBRAlt3_2020LU_DeltaOut65\Model_Files\DSS\output\s0039_USBRAlt3_2020LU_DeltaOut65_DV_v0.1_20251120.dss,s0039_USBRAlt3_2020LU_DeltaOut65\Model_Files\DSS\input\coeqwal_s9999_SV_v0.1.4.dss,10/31/1921,9/30/2021,,
s0040,s0040_USBRAlt3_2020LU_DeltaOut35,s0040_USBRAlt3_2020LU_DeltaOut35,https://drive.google.com/drive/folders/1_6SmRHkdpguDFK0VMJ4AJULO-R4M50Y4?usp=drive_link,2023 DWR Historical Adjusted,USBR Alt3 updated with DWR hydrology and 2020 land use; reduces Delta outflow requirement to 35% from the 65% of unimpaired as in original Alt3 (and all attendent caveats and contingencies),s0040_USBRAlt3_2020LU_DeltaOut35\Model_Files\DSS\output\s0040_USBRAlt3_2020LU_DeltaOut35_DV_v0.2_20251211.dss,s0040_USBRAlt3_2020LU_DeltaOut35\Model_Files\DSS\input\coeqwal_s9999_SV_v0.1.4.dss,10/31/1921,9/30/2021,,
s0041,s0041_USBRAlt3_2020LU_DeltaOut45,s0041_USBRAlt3_2020LU_DeltaOut45,https://drive.google.com/drive/folders/1zFmOaUC8BV4oWQPrtTk48uNDIoQb5QBm?usp=drive_link,2023 DWR Historical Adjusted,USBR Alt3 updated with DWR hydrology and 2020 land use; reduces Delta outflow requirement to 45% from the 65% of unimpaired as in original Alt3 (and all attendent caveats and contingencies),s0041_USBRAlt3_2020LU_DeltaOut45\Model_Files\DSS\output\s0041_USBRAlt3_2020LU_DeltaOut45_DV_v0.2_20251211.dss,s0041_USBRAlt3_2020LU_DeltaOut45\Model_Files\DSS\input\coeqwal_s9999_SV_v0.1.4.dss,10/31/1921,9/30/2021,,
s0042,s0042_USBRAlt3_2020LU_DeltaOut55_v0.3_20251211,s0042_USBRAlt3_2020LU_DeltaOut55_v0.3_20251211,https://drive.google.com/drive/folders/18y7DtN4bthyk0oOBSLOJVLM6cktrGo5E?usp=drive_link,2023 DWR Historical Adjusted,USBR Alt3 updated with DWR hydrology and 2020 land use; reduces Delta outflow requirement to 55% from the 65% of unimpaired as in original Alt3 (and all attendent caveats and contingencies),s0042_USBRAlt3_2020LU_DeltaOut55_v0.3_20251211\Model_Files\DSS\output\s0042_USBRAlt3_2020LU_DeltaOut55_DV_v0.3_20251211.dss,s0042_USBRAlt3_2020LU_DeltaOut55_v0.3_20251211\Model_Files\DSS\input\coeqwal_s9999_SV_v0.1.4.dss,10/31/1921,9/30/2021,,
s0044,s0044_DCRadjHist_2020LU_ShastaCarryOver20,s0044_DCRadjHist_2020LU_ShastaCarryOver20,https://drive.google.com/drive/folders/1QaoPu5ADaEhghrkn5Agqtu4KH90ozjNF?usp=drive_link,2023 DWR Historical Adjusted,Increase Shasta carryover target by 20% relative to the baseline by reducing CVP allocations,s0044_DCRadjHist_2020LU_ShastaCarryOver20\Model_Files\DSS\output\s0044_DCRadjHist_2020LU_ShastaCarryover20_DV_v0.1_20251211.dss,s0044_DCRadjHist_2020LU_ShastaCarryOver20\Model_Files\DSS\input\coeqwal_s9999_SV_v0.1.1.dss,10/31/1921,9/30/2021,,
s0045,s0045_DCRadjBL_2020LU_RelaxFallX2,s0045_DCRadjBL_2020LU_RelaxFallX2,https://drive.google.com/drive/folders/1avIpukB8DTX2L4QIj4M5ENjFNyQqqiG1?usp=drive_link,2023 DWR Historical Adjusted,Remove the summer/fall X2 salinity (and flow) requirements; similar to USBR's most recent revised proposed operating rule,s0045_DCRadjBL_2020LU_RelaxFallX2\Model_Files\DSS\output\s0045_DCRadjBL_2020LU_RelaxFallX2_DV_v0.1.dss,s0045_DCRadjBL_2020LU_RelaxFallX2\Model_Files\DSS\input\coeqwal_s9999_SV_v0.1.1.dss,10/31/1921,9/30/2021,,
s0046,s0046_DCRadjHist_2020LU_EflowsV2_v0.2_20251015,s0046_DCRadjHist_2020LU_EflowsV2_v0.2_20251015,https://drive.google.com/drive/folders/16RFQ6y-n5nJWwDACWhbbSV2yP5u9dS8i?usp=drive_link,2023 DWR Historical Adjusted,Same as s0029 except that the downstream requirements on the Sac and SJR and Delta are de-activated so that it is only tributary and upper reaches.,s0046_DCRadjHist_2020LU_EflowsV2_v0.2_20251015\Model_Files\DSS\output\s0046_DCRadjHist_2020LU_EflowsV2_v0.2.dss,s0046_DCRadjHist_2020LU_EflowsV2_v0.2_20251015\Model_Files\DSS\input\coeqwal_s9999_SV_v0.1.3.dss,10/31/1921,9/30/2021,,
s0047,s0047_DCRcc50_2020LU_wTUCP,s0047_DCRcc50_2020LU_wTUCP,https://drive.google.com/drive/folders/1o6jo7g4cbRN_YxtEJxrKrTjpTjDaod46?usp=drive_link,2023DCR CC50-2043,"Same as s0020 but using DWR's 2023 DCR climage change ""50% level of concern"" future climate condition",s0047_DCRcc50_2020LU_wTUCP\Model_Files\DSS\output\s0047_DCRcc50_2020LU_wTUCP_DV_v0.1_20251119.dss,s0047_DCRcc50_2020LU_wTUCP\Model_Files\DSS\input\coeqwal_s9999_SV_v1.1.1.dss,10/31/1921,9/30/2021,,
s0048,s0048_adjBL_cc50_wTUCP,s0048_adjBL_cc50_wTUCP,https://drive.google.com/drive/folders/1rBfvirPjM0iMpDX4WSd-3Pq00gx12FX4?usp=drive_link,2023DCR CC50-2043,"Same as s0011 but using DWR's 2023 DCR climage change ""50% level of concern"" future climate condition",s0048_adjBL_cc50_wTUCP\Model_Files\DSS\output\s0048_adjBL_cc50_wTUCP_20250213.dss,s0048_adjBL_cc50_wTUCP\Model_Files\DSS\input\coeqwal_s9999_SV_v1.0.2.dss,10/31/1921,9/30/2021,,
s0049,s0049_DCRadjBL_cc50_2020LU_woTUCP,s0049_DCRadjBL_cc50_2020LU_woTUCP,https://drive.google.com/drive/folders/1Yr76IqB5RO2V7mZGq6n17ZsbohO6cJ1c?usp=drive_link,2023DCR CC50-2043,"Same as s0021 but using DWR's 2023 DCR climage change ""50% level of concern"" future climate condition",s0049_DCRadjBL_cc50_2020LU_woTUCP\Model_Files\DSS\output\s0049_DCRadjBL_cc50_2020LU_woTUCP_20250213.dss,s0049_DCRadjBL_cc50_2020LU_woTUCP\Model_Files\DSS\input\coeqwal_s9999_SV_v1.1.2.dss,10/31/1921,9/30/2021,,
s0050,s0050_USBR24Alt2V1cc50_adjHist_2020LU_wTUCP,s0050_USBR24Alt2V1cc50_adjHist_2020LU_wTUCP,https://drive.google.com/drive/folders/1PKOipMj7MDitmqt0ATRPM8LREIjxsisx?usp=drive_link,2023DCR CC50-2043,"Same as s0024 but using DWR's 2023 DCR climage change ""50% level of concern"" future climate condition",s0050_USBR24Alt2V1_cc50_adjHist_2020LU_wTUCP\Model_Files\DSS\output\s0050_USBR24Alt2V1_cc50_adjHist_2020LU_wTUCP_20250217.dss,s0050_USBR24Alt2V1_cc50_adjHist_2020LU_wTUCP\Model_Files\DSS\input\coeqwal_s9999_SV_v1.1.2.dss,10/31/1921,9/30/2021,,
s0051,s0051_USBR24Alt2V1_DCRcc50_2020LU_woTUCP,s0051_USBR24Alt2V1_DCRcc50_2020LU_woTUCP,https://drive.google.com/drive/folders/1ug_ZBivGW3h5xtw5NhSUi6L7cY3e21dK?usp=drive_link,2023DCR CC50-2043,"Same as s0023 but using DWR's 2023 DCR climage change ""50% level of concern"" future climate condition",s0051_USBR24Alt2V1_DCRcc50_2020LU_woTUCP\Model_Files\DSS\output\s0051_USBR24Alt2V1_cc50_adjBL_2020LU_woTUCP_DV_v0.1.dss,s0051_USBR24Alt2V1_DCRcc50_2020LU_woTUCP\Model_Files\DSS\input\coeqwal_s9999_SV_v1.1.2.dss,10/31/1921,9/30/2021,,
s0056,s0056_DCRcc95_2020LU_wTUCP,s0056_DCRcc95_2020LU_wTUCP,https://drive.google.com/drive/folders/1j1T3s71YcTGA_XOsKXwwx6wt82Rs4X1s?usp=drive_link,2023DCR CC95-2043,"Same as s0020 but using DWR's 2023 DCR climage change ""95% level of concern"" future climate condition",s0056_DCRcc95_2020LU_wTUCP\Model_Files\DSS\output\s0056_DCRcc95_2020LU_wTUCP_DV_v0.1_20251121.dss,s0056_DCRcc95_2020LU_wTUCP\Model_Files\DSS\input\coeqwal_s9999_SV_v2.1.2.dss,10/31/1921,9/30/2021,,
s0057,s0057_adjBL_cc95_wTUCP,s0057_adjBL_cc95_wTUCP,https://drive.google.com/drive/folders/1QCuFMFsDwSuib1QanflZJi662b4Yxxyj?usp=drive_link,2023DCR CC95-2043,"Same as s0011 but using DWR's 2023 DCR climage change ""95% level of concern"" future climate condition",s0057_adjBL_cc95_wTUCP\Model_Files\DSS\output\s0057_adjBL_cc95_wTUCP_20250214.dss,s0057_adjBL_cc95_wTUCP\Model_Files\DSS\input\coeqwal_s9999_SV_v2.0.2.dss,10/31/1921,9/30/2021,,
s0058,s0058_DCRcc95_2020LU_woTUCP,s0058_DCRcc95_2020LU_woTUCP,https://drive.google.com/drive/folders/17X-0B9loanGktI4Pc1VIE3UIYwNmdTcV?usp=drive_link,2023DCR CC95-2043,"Same as s0021 but using DWR's 2023 DCR climage change ""95% level of concern"" future climate condition",s0058_DCRadjBL_cc95_2020LU_woTUCP\Model_Files\DSS\output\s0058_DCRadjBL_2020LU_woTUCP_DV_v0.1.dss,s0058_DCRadjBL_cc95_2020LU_woTUCP\Model_Files\DSS\input\coeqwal_s9999_SV_v2.1.2.dss,10/31/1921,9/30/2021,,
s0059,s0059_USBR24Alt2V1_adjBL_cc95_2020LU_wTUCP,s0059_USBR24Alt2V1_adjBL_cc95_2020LU_wTUCP,https://drive.google.com/drive/folders/1u1oKHEwnNQuj68RClApZNB06kyUuVm_i?usp=drive_link,2023DCR CC95-2043,"Same as s0024 but using DWR's 2023 DCR climage change ""95% level of concern"" future climate condition",s0059_USBR24Alt2V1_adjBL_cc95_2020LU_wTUCP\Model_Files\DSS\output\s0059_USBR24Alt2V1_adjHist_cc95_2020LU_wTUCP_DV_v1_20260309.dss,s0059_USBR24Alt2V1_adjBL_cc95_2020LU_wTUCP\Model_Files\DSS\input\coeqwal_s9999_SV_v2.1.2.dss,10/31/1921,9/30/2021,,
s0060,s0060_USBR24Alt2V1_adjBL_cc95_2020LU_woTUCP,s0060_USBR24Alt2V1_adjBL_cc95_2020LU_woTUCP,https://drive.google.com/drive/folders/1JkK2V2AJMksRQ2BEjgy_jJnPOSRYw2O7?usp=drive_link,2023DCR CC95-2043,"Same as s0023 but using DWR's 2023 DCR climage change ""95% level of concern"" future climate condition",s0060_USBR24Alt2V1_adjBL_cc95_2020LU_woTUCP\Model_Files\DSS\output\s0060_USBR24Alt2V1_adjBL_cc95_2020LU_woTUCP_DV_v2_20260309.dss,s0060_USBR24Alt2V1_adjBL_cc95_2020LU_woTUCP\Model_Files\DSS\input\coeqwal_s9999_SV_v2.1.2.dss,10/31/1921,9/30/2021,,
s0062,s0062_CVgwLimit_cc50_2020LU_wTUCP,s0062_CVgwLimit_cc50_2020LU_wTUCP,https://drive.google.com/drive/folders/1MG4X-jwM1E3FM3Ic8W-QGLbt9OykXSpT?usp=drive_link,2023DCR CC50-2043,"Same as s0027 but using DWR's 2023 DCR climate change ""50% level fo concern"" climate condition",s0062_CVgwLimit_cc50_2020LU_wTUCP\Model_Files\DSS\output\s0062_CVgwLimit_cc50_2020LU_wTUCP_DV_v0.1.dss,s0062_CVgwLimit_cc50_2020LU_wTUCP\Model_Files\DSS\input\coeqwal_s9999_SV_v1.1.2.dss,10/31/1921,9/30/2021,,
s0063,s0063_CVgwLimit_cc95_2020LU_wTUCP,s0063_CVgwLimit_cc95_2020LU_wTUCP,https://drive.google.com/drive/folders/160udSxZUdMZOHYbWq4gDX6J3VkLwVZpz?usp=drive_link,2023DCR CC95-2043,"Same as s0027 but using DWR's 2023 DCR climate change ""95% level of concern"" climate condition",s0063_CVgwLimit_cc95_2020LU_wTUCP\Model_Files\DSS\output\s0063_CVgwLimit_cc95_2020LU_wTUCP_DV_v0.1_20251123.dss,s0063_CVgwLimit_cc95_2020LU_wTUCP\Model_Files\DSS\input\coeqwal_s9999_SV_v2.1.3.dss,10/31/1921,9/30/2021,,
s0065,s0065_DWRadapt25_2020LU_DCP,s0065_DWRadapt25_2020LU_DCP,https://drive.google.com/drive/folders/1gdQnIpzSQtwppU-9Z3vFJaKuml-jnNHo?usp=drive_link,2023 DWR Historical Adjusted,DWR updated (2025 climate adaptation) DCP version with historical hydrology and 2020 land use,s0065_DWRadapt25_2020LU_DCP\Model_Files\DSS\output\s0065_DWRadapt25_2020LU_DCP_DV_v01_20260119.dss,s0065_DWRadapt25_2020LU_DCP\Model_Files\DSS\input\coeqwal_s9999_SV_v0.13.4.dss,10/31/1921,9/30/2021,,
s0067,s0067_SJVgwLimit_cc50__20LU_wTUCP,s0067_SJVgwLimit_cc50__20LU_wTUCP,https://drive.google.com/drive/folders/1Z7HVHHhApQfBMw3WZR2NJ5e1K19MnKkg?usp=drive_link,2023DCR CC50-2043,"Same as s0025 but using DWR's 2023 DCR climage change ""50% level of concern"" future climate condition",s0067_SJVgwLimit_cc50__20LU_wTUCP\Model_Files\DSS\output\s0067_SJVgwLimit_2020LU_cc50_wTUCP_DV_v0.1.dss,s0067_SJVgwLimit_cc50__20LU_wTUCP\Model_Files\DSS\input\coeqwal_s9999_SV_v1.1.3.dss,10/31/1921,9/30/2021,,
s0068,s0068_SJVgwLimit_cc50_SGMALU_wTUCP,s0068_SJVgwLimit_cc50_SGMALU_wTUCP,https://drive.google.com/drive/folders/11hWfJD7gsWov1AMwTJ_CWC6ehN6i6f5x?usp=drive_link,2023DCR CC50-2043,"Same as s0026 but using DWR's 2023 DCR climage change ""50% level of concern"" future climate condition",s0068_SJVgwLimit_cc50_SGMALU_wTUCP\Model_Files\DSS\output\s0068_SJVgwLimit_cc50_SGMALU_wTUCP_20250213.dss,s0068_SJVgwLimit_cc50_SGMALU_wTUCP\Model_Files\DSS\input\coeqwal_s9999_SV_v1.12.4.dss,10/31/1921,9/30/2021,,
s0069,s0069_CVgwLimit_cc50_SGMALU_wTUCP,s0069_CVgwLimit_cc50_SGMALU_wTUCP,https://drive.google.com/drive/folders/1pK-zESI84Q23brxn3hoZWssxPuh3wA1a?usp=drive_link,2023DCR CC50-2043,"Same as s0028 but using DWR's 2023 DCR climage change ""50% level of concern"" future climate condition",s0069_CVgwLimit_cc50_SGMALU_wTUCP\Model_Files\DSS\output\s0069_CVgwLimit_cc50_SGMALU_wTUCP_DV_v1_20260213.dss,s0069_CVgwLimit_cc50_SGMALU_wTUCP\Model_Files\DSS\input\coeqwal_s9999_SV_v1.11.4.dss,10/31/1921,9/30/2021,,
s0070,s0070_DCRadjHist_cc50_2020LU_eflowsV1,s0070_DCRadjHist_cc50_2020LU_eflowsV1,https://drive.google.com/drive/folders/1AxM4DmuTuoXaLP8436-KsfGV-TAvM7NU?usp=drive_link,2023DCR CC50-2043,"Same as s0029 but using DWR's 2023 DCR climage change ""50% level of concern"" future climate condition",s0070_DCRadjHist_cc50_2020LU_eflowsV1\Model_Files\DSS\output\s0070_DCRadjHist__cc50_2020LU_eflowsV1_20260211.dss,s0070_DCRadjHist_cc50_2020LU_eflowsV1\Model_Files\DSS\input\coeqwal_s9999_SV_v1.1.3.dss,10/31/1921,9/30/2021,,
s0071,s0071_DCRadjHist_cc50_2020LU_NoFlowReqt,s0071_DCRadjHist_cc50_2020LU_NoFlowReqt,https://drive.google.com/drive/folders/1lQdDFxdwyV8k7XWpRaTTeyJVChTQl2w-?usp=drive_link,2023DCR CC50-2043,"Same as s0030 but using DWR's 2023 DCR climage change ""50% level of concern"" future climate condition",s0071_DCRadjHist_cc50_2020LU_NoFlowReqt\Model_Files\DSS\output\s0071_DCRadjHist_cc50_2020LU_NoFlowReqt_20260211.dss,s0071_DCRadjHist_cc50_2020LU_NoFlowReqt\Model_Files\DSS\input\coeqwal_s9999_SV_v1.1.3.dss,10/31/1921,9/30/2021,,
s0072,s0072_DCRadjHist_cc50_2020LU_salmonflows,s0072_DCRadjHist_cc50_2020LU_salmonflows,https://drive.google.com/drive/folders/1ZRVlIMlH_rcbWD22-smikawt5BxGJyEn?usp=drive_link,2023DCR CC50-2043,"Same as s0031 but using DWR's 2023 DCR climage change ""50% level of concern"" future climate condition",s0072_DCRadjHist_cc50_2020LU_salmonflows\Model_Files\DSS\output\s0072_DCRadjHist_2020LU_cc50_salmonflows_DV_v01.dss,s0072_DCRadjHist_cc50_2020LU_salmonflows\Model_Files\DSS\input\coeqwal_s9999_SV_v1.1.14.dss,10/31/1921,9/30/2021,,
s0073,s0073_DCRadjHist_cc50_CVgwLU_eflows,s0073_DCRadjHist_cc50_CVgwLU_eflows,https://drive.google.com/drive/folders/1ledL9gJJWQkLof_nSk90brFwFkpCVxdC?usp=drive_link,2023DCR CC50-2043,"Same as s0032 but using DWR's 2023 DCR climage change ""50% level of concern"" future climate condition",s0073_DCRadjHist_cc50_CVgwLU_eflows\Model_Files\DSS\output\s0073_DCRadjHist_cc50_CVgwLU_eflows_DV_v01_20260112.dss,s0073_DCRadjHist_cc50_CVgwLU_eflows\Model_Files\DSS\input\coeqwal_s9999_SV_v1.11.4.dss,10/31/1921,9/30/2021,,
s0074,s0074_DCRadjHist_cc50_CVgwLU_salmonflows,s0074_DCRadjHist_cc50_CVgwLU_salmonflows,https://drive.google.com/drive/folders/1agNOOTYnEsQ755ALDaiVSCbN9TbriZSo?usp=drive_link,2023DCR CC50-2043,"Same as s0033 but using DWR's 2023 DCR climage change ""50% level of concern"" future climate condition",s0074_DCRadjHist_cc50_CVgwLU_salmonflows\Model_Files\DSS\output\s0074_DCRadjHist_CVgwLU_salmonflows_DV_v02_20260120.dss,s0074_DCRadjHist_cc50_CVgwLU_salmonflows\Model_Files\DSS\input\coeqwal_s9999_SV_v1.11.15.dss,10/31/1921,9/30/2021,,
s0075,s0075_DCRadjBL_cc50_2020LU_PriorityHHS,s0075_DCRadjBL_cc50_2020LU_PriorityHHS,https://drive.google.com/drive/folders/1AO57k-GMdEEu5YD2eq8xgZ_uxCqJDbeo?usp=drive_link,2023DCR CC50-2043,"Same as s0035 but using DWR's 2023 DCR climage change ""50% level of concern"" future climate condition",s0075_DCRadjBL_cc50_2020LU_PriorityHHS\Model_Files\DSS\output\s0075_DCRadjBL_cc50_2020LU_PriorityHHS_DV_v1_20260224.dss,s0075_DCRadjBL_cc50_2020LU_PriorityHHS\Model_Files\DSS\input\coeqwal_s9999_SV_v1.1.4.dss,10/31/1921,9/30/2021,,
s0076,s0076_DCRadjBL_cc50_2020LU_PriorityFuncCWN,s0076_DCRadjBL_cc50_2020LU_PriorityFuncCWN,https://drive.google.com/drive/folders/1JDkHzPB8Yyb2TEQDnBcSdzj2ZTKgPDTz?usp=drive_link,2023DCR CC50-2043,"Same as s0036 but using DWR's 2023 DCR climage change ""50% level of concern"" future climate condition",s0076_DCRadjBL_cc50_2020LU_PriorityFuncCWN\Model_Files\DSS\output\s0076_DCRadjBL_cc50_2020LU_PriorityFuncCWN_DV_v1_20260224.dss,s0076_DCRadjBL_cc50_2020LU_PriorityFuncCWN\Model_Files\DSS\input\coeqwal_s9999_SV_v1.1.4.dss,10/31/1921,9/30/2021,,
s0077,s0077_DCRadjBL_cc50_2020LU_PriorityFullCWN,s0077_DCRadjBL_cc50_2020LU_PriorityFullCWN,https://drive.google.com/drive/folders/17nyxRHXGYchXd6zrNHH3ehDM_MIsDYw7?usp=drive_link,2023DCR CC50-2043,"Same as s0037 but using DWR's 2023 DCR climage change ""50% level of concern"" future climate condition",s0077_DCRadjBL_cc50_2020LU_PriorityFullCWN\Model_Files\DSS\output\s0077_DCRadjBL_cc50_2020LU_PriorityFullCWN_DV_v1_20260224.dss,s0077_DCRadjBL_cc50_2020LU_PriorityFullCWN\Model_Files\DSS\input\coeqwal_s9999_SV_v1.1.4.dss,10/31/1921,9/30/2021,,
s0078,s0078_USBRAlt3_cc50_2020LU_DeltaOut65,s0078_USBRAlt3_cc50_2020LU_DeltaOut65,https://drive.google.com/drive/folders/1HnQMNjFZhDuqC40gin95X-oDVH9SfvP6?usp=drive_link,2023DCR CC50-2043,"Same as s0039 but using DWR's 2023 DCR climage change ""50% level of concern"" future climate condition",s0078_USBRAlt3_cc50_2020LU_DeltaOut65\Model_Files\DSS\output\s0078_USBRAlt3_cc50_2020LU_DeltaOut65_DV_v1_20260210.dss,s0078_USBRAlt3_cc50_2020LU_DeltaOut65\Model_Files\DSS\input\coeqwal_s9999_SV_v1.1.4.dss,10/31/1921,9/30/2021,,
s0079,s0079_USBRAlt3_cc50_2020LU_DeltaOut35,s0079_USBRAlt3_cc50_2020LU_DeltaOut35,https://drive.google.com/drive/folders/1fwdXhak3u7Wm8ZgvPrw_IH8s4jXsLnlX?usp=drive_link,2023DCR CC50-2043,"Same as s0040 but using DWR's 2023 DCR climage change ""50% level of concern"" future climate condition",s0079_USBRAlt3_cc50_2020LU_DeltaOut35\Model_Files\DSS\output\s0079_USBRAlt3_cc50_2020LU_DeltaOut35_DV_v1_20260210.dss,s0079_USBRAlt3_cc50_2020LU_DeltaOut35\Model_Files\DSS\input\coeqwal_s9999_SV_v1.1.4.dss,10/31/1921,9/30/2021,,
s0080,s0080_USBRAlt3_cc50_2020LU_DeltaOut45,s0080_USBRAlt3_cc50_2020LU_DeltaOut45,https://drive.google.com/drive/folders/1B5LgPVwP5ZxW5BlQgp6WP07S9OGQbk0x?usp=drive_link,2023DCR CC50-2043,"Same as s0041 but using DWR's 2023 DCR climage change ""50% level of concern"" future climate condition",s0080_USBRAlt3_cc50_2020LU_DeltaOut45\Model_Files\DSS\output\s0080_USBRAlt3_cc50_2020LU_DeltaOut45_DV_v1_20260211.dss,s0080_USBRAlt3_cc50_2020LU_DeltaOut45\Model_Files\DSS\input\coeqwal_s9999_SV_v1.1.4.dss,10/31/1921,9/30/2021,,
s0081,s0081_USBRAlt3_cc50_2020LU_DeltaOut55,s0081_USBRAlt3_cc50_2020LU_DeltaOut55,https://drive.google.com/drive/folders/1k0FdvRPRFmcFjMx6ZRQWJIDrmSvTDnVB?usp=drive_link,2023DCR CC50-2043,"Same as s0042 but using DWR's 2023 DCR climage change ""50% level of concern"" future climate condition",s0081_USBRAlt3_cc50_2020LU_DeltaOut55\Model_Files\DSS\output\s0081_USBRAlt3_cc50_2020LU_DeltaOut55_DV_v1_20260211.dss,s0081_USBRAlt3_cc50_2020LU_DeltaOut55\Model_Files\DSS\input\coeqwal_s9999_SV_v1.1.4.dss,10/31/1921,9/30/2021,,
s0082,s0082_DCRadjHist_cc50_2020LU_ShastaCarryover20,s0082_DCRadjHist_cc50_2020LU_ShastaCarryover20,https://drive.google.com/drive/folders/1ls4OAdyBofcFmWdkqOs7dwFVttVk3B_z?usp=drive_link,2023DCR CC50-2043,"Same as s0044 but using DWR's 2023 DCR climage change ""50% level of concern"" future climate condition",s0082_DCRadjHist_cc50_2020LU_ShastaCarryover20\Model_Files\DSS\output\s0082_DCRadjHist_cc50_2020LU_ShastaCarryover20_20260225.dss,s0082_DCRadjHist_cc50_2020LU_ShastaCarryover20\Model_Files\DSS\input\coeqwal_s9999_SV_v1.1.2.dss,10/31/1921,9/30/2021,,
s0083,s0083_DCRadjBL_cc50_2020LU_RelaxFallX2,s0083_DCRadjBL_cc50_2020LU_RelaxFallX2,https://drive.google.com/drive/folders/1uV4eakXRYGoB3zeEd2N-wCcdzt7BKw3J?usp=drive_link,2023DCR CC50-2043,"Same as s0045 but using DWR's 2023 DCR climage change ""50% level of concern"" future climate condition",s0083_DCRadjBL_cc50_2020LU_RelaxFallX2\Model_Files\DSS\output\s0083_DCRadjBL_cc50_2020LU_RelaxFallX2_20260212.dss,s0083_DCRadjBL_cc50_2020LU_RelaxFallX2\Model_Files\DSS\input\coeqwal_s9999_SV_v1.1.2.dss,10/31/1921,9/30/2021,,
s0084,s0084_DCRadjHist_2020LU_EflowsV2,s0084_DCRadjHist_2020LU_EflowsV2,https://drive.google.com/drive/folders/1QMbeQF3zfqHEKWeG3l-a2OI1tWYhzmJi?usp=drive_link,2023DCR CC50-2043,"Same as s0046 but using DWR's 2023 DCR climage change ""50% level of concern"" future climate condition",s0084_DCRadjHist_2020LU_EflowsV2\Model_Files\DSS\output\s0084_DCRadjHist_2020LU_EflowsV2_20260212.dss,s0084_DCRadjHist_2020LU_EflowsV2\Model_Files\DSS\input\coeqwal_s9999_SV_v1.1.3.dss,10/31/1921,9/30/2021,,
s0085,s0085_DWRadapt25_cc50_2020LU_DCP,s0085_DWRadapt25_cc50_2020LU_DCP,https://drive.google.com/drive/folders/1LmHUQVCELobPmGSGt4qb01WlmhTUJYIV?usp=drive_link,2023DCR CC50-2043,"Same as s0065 but using DWR's 2023 DCR climage change ""50% level of concern"" future climate condition",s0085_DWRadapt25_cc50_2020LU_DCP\Model_Files\DSS\output\s0085_DWRadapt25_cc50_2020LU_DCP_DV_v1_20260218.dss,s0085_DWRadapt25_cc50_2020LU_DCP\Model_Files\DSS\input\coeqwal_s9999_SV_v1.13.4.dss,10/31/1921,9/30/2021,,
s0087,s0087_CC95_SJVgwLimit_20LU_wTUCP,s0087_CC95_SJVgwLimit_20LU_wTUCP,https://drive.google.com/drive/folders/1QpYghGGm61bh9o61v786H8XZtb1r0ah0?usp=drive_link,2023DCR CC95-2043,"Same as s0025 but using DWR's 2023 DCR climage change ""95% level of concern"" future climate condition",s0087_CC95_SJVgwLimit_20LU_wTUCP\Model_Files\DSS\output\s0087_SJVgwLimit_cc95_2020LU_wTUCP_DV_v0.1.dss,s0087_CC95_SJVgwLimit_20LU_wTUCP\Model_Files\DSS\input\coeqwal_s9999_SV_v2.1.3.dss,10/31/1921,9/30/2021,,
s0088,s0088_SJVgwLimit_cc95_SGMALU_wTUCP,s0088_SJVgwLimit_cc95_SGMALU_wTUCP,https://drive.google.com/drive/folders/1aiG_JPxQjBXDsej0J4ESMVQclwbSpi62?usp=drive_link,2023DCR CC95-2043,"Same as s0026 but using DWR's 2023 DCR climage change ""95% level of concern"" future climate condition",s0088_SJVgwLimit_cc95_SGMALU_wTUCP\Model_Files\DSS\output\s0088_SJVgwLimit_cc95_SGMALU_wTUCP_DV_v0.1_20260111.dss,s0088_SJVgwLimit_cc95_SGMALU_wTUCP\Model_Files\DSS\input\coeqwal_s9999_SV_v2.12.4.dss,10/31/1921,9/30/2021,,
s0089,s0089_CVgwLimit_cc95_SGMALU_wTUCP,s0089_CVgwLimit_cc95_SGMALU_wTUCP,https://drive.google.com/drive/folders/1YXnHJB5FKs3aNcU-5Y4XHYeQWOHaY2XR?usp=drive_link,2023DCR CC95-2043,"Same as s0028 but using DWR's 2023 DCR climage change ""95% level of concern"" future climate condition",s0089_CVgwLimit_cc95_SGMALU_wTUCP\Model_Files\DSS\output\s0089_CVgwLimit_cc95_SGMALU_wTUCP_20250216.dss,s0089_CVgwLimit_cc95_SGMALU_wTUCP\Model_Files\DSS\input\coeqwal_s9999_SV_v2.11.4.dss,10/31/1921,9/30/2021,,
s0090,s0090_DCRadjHist_cc95_2020LU_eflowsV1_v0.2,s0090_DCRadjHist_cc95_2020LU_eflowsV1_v0.2,https://drive.google.com/drive/folders/14mbT2SO_aY_oBYRVMnUmQknJtHGYMlPR?usp=drive_link,2023DCR CC95-2043,"Same as s0029 but using DWR's 2023 DCR climage change ""95% level of concern"" future climate condition",s0090_DCRadjHist_cc95_2020LU_eflowsV1_v0.2\Model_Files\DSS\output\s0090_DCRadjHist_cc95_2020LU_eflowsV1_v0.2_20260215.dss,s0090_DCRadjHist_cc95_2020LU_eflowsV1_v0.2\Model_Files\DSS\input\coeqwal_s9999_SV_v2.1.3.dss,10/31/1921,9/30/2021,,
s0091,s0091_DCRadjHist_cc95_2020LU_NoFlowReqt,s0091_DCRadjHist_cc95_2020LU_NoFlowReqt,https://drive.google.com/drive/folders/1WCMkAb4-G027JENju2F-8U6fyFf8EqHD?usp=drive_link,2023DCR CC95-2043,"Same as s0030 but using DWR's 2023 DCR climage change ""95% level of concern"" future climate condition",s0091_DCRadjHist_cc95_2020LU_NoFlowReqt\Model_Files\DSS\output\s0091_DCRadjHist_cc95_2020LU_NoFlowReqt_20260215.dss,s0091_DCRadjHist_cc95_2020LU_NoFlowReqt\Model_Files\DSS\input\coeqwal_s9999_SV_v2.1.3.dss,10/31/1921,9/30/2021,,
s0092,s0092_DCRadjHistcc95_2020LU_salmonflows,s0092_DCRadjHistcc95_2020LU_salmonflows,https://drive.google.com/drive/folders/1NPrlrm2tw5dr1LyI2Lc3kFKW_qSjigde?usp=drive_link,2023DCR CC95-2043,"Same as s0031 but using DWR's 2023 DCR climage change ""95% level of concern"" future climate condition",s0092_DCRadjHistcc95_2020LU_salmonflows\Model_Files\DSS\output\s0092_DCRadjHist_2020LU_salmonflows_DV_v01.dss,s0092_DCRadjHistcc95_2020LU_salmonflows\Model_Files\DSS\input\coeqwal_s9999_SV_v2.1.14.dss,10/31/1921,9/30/2021,,
s0093,s0093_DCRadjHist_cc95_CVgwLU_eflows,s0093_DCRadjHist_cc95_CVgwLU_eflows,https://drive.google.com/drive/folders/1dVYr_4w2D2wP5wd8x5EFT8kuLFly7zUk?usp=drive_link,2023DCR CC95-2043,"Same as s0032 but using DWR's 2023 DCR climage change ""95% level of concern"" future climate condition",s0093_DCRadjHist_cc95_CVgwLU_eflows\Model_Files\DSS\output\s0093_DCRadjHist_cc95_CVgwLU_eflows_20250216.dss,s0093_DCRadjHist_cc95_CVgwLU_eflows\Model_Files\DSS\input\coeqwal_s9999_SV_v2.11.4.dss,10/31/1921,9/30/2021,,
s0094,s0094_DCRadjHist_CVgwLU_salmonflows,s0094_DCRadjHist_CVgwLU_salmonflows,https://drive.google.com/drive/folders/1SD-OT5alWR4BDJw6QevBP4QPDt_P8JwI?usp=drive_link,2023DCR CC95-2043,"Same as s0033 but using DWR's 2023 DCR climage change ""95% level of concern"" future climate condition",s0094_DCRadjHist_cc95_CVgwLU_salmonflows\Model_Files\DSS\output\s0094_DCRadjHist_cc95_CVgwLU_salmonflows_DV_v2_20260320.dss,s0094_DCRadjHist_cc95_CVgwLU_salmonflows\Model_Files\DSS\input\coeqwal_s9999_SV_v2.11.15.dss,10/31/1921,9/30/2021,,
s0095,s0095_DCRadjBL_cc95_2020LU_PriorityHHS,s0095_DCRadjBL_cc95_2020LU_PriorityHHS,https://drive.google.com/drive/folders/1CLyUFnaJkVQU4B1xlOy89NGbMA_Cet1n?usp=drive_link,2023DCR CC95-2043,"Same as s0035 but using DWR's 2023 DCR climage change ""95% level of concern"" future climate condition",s0095_DCRadjBL_cc95_2020LU_PriorityHHS\Model_Files\DSS\output\s0095_DCRadjBL_cc95_2020LU_PriorityHHS_DV_v1_20260306.dss,s0095_DCRadjBL_cc95_2020LU_PriorityHHS\Model_Files\DSS\input\coeqwal_s9999_SV_v2.1.4.dss,10/31/1921,9/30/2021,,
s0096,s0096_DCRadjBL_cc95_2020LU_PriorityFuncCWN,s0096_DCRadjBL_cc95_2020LU_PriorityFuncCWN,https://drive.google.com/drive/folders/1wmHKlq2BGfKVv54Iqe82-_fo1TadHOLx?usp=drive_link,2023DCR CC95-2043,"Same as s0036 but using DWR's 2023 DCR climage change ""95% level of concern"" future climate condition",s0096_DCRadjBL_cc95_2020LU_PriorityFuncCWN\Model_Files\DSS\output\s0096_DCRadjBL_cc95_2020LU_PriorityFuncCWN_DV_v1_20260308.dss,s0096_DCRadjBL_cc95_2020LU_PriorityFuncCWN\Model_Files\DSS\input\coeqwal_s9999_SV_v2.1.4.dss,10/31/1921,9/30/2021,,
s0097,s0097_DCRadjBL_cc95_2020LU_PriorityFullCWN,s0097_DCRadjBL_cc95_2020LU_PriorityFullCWN,https://drive.google.com/drive/folders/1L15ZHescpO57HXxbMCJ1Jp66qJffjK9O?usp=drive_link,2023DCR CC95-2043,"Same as s0037 but using DWR's 2023 DCR climage change ""95% level of concern"" future climate condition",s0097_DCRadjBL_cc95_2020LU_PriorityFullCWN\Model_Files\DSS\output\s0097_DCRadjBL_cc95_2020LU_PriorityFullCWN_DV_v1_20260308.dss,s0097_DCRadjBL_cc95_2020LU_PriorityFullCWN\Model_Files\DSS\input\coeqwal_s9999_SV_v2.1.4.dss,10/31/1921,9/30/2021,,
s0098,s0098_USBRAlt3_cc95_2020LU_DeltaOut65,s0098_USBRAlt3_cc95_2020LU_DeltaOut65,https://drive.google.com/drive/folders/15FRuSWnWZEkMvjxO7Phc4qvegOJRMrRQ?usp=drive_link,2023DCR CC95-2043,"Same as s0039 but using DWR's 2023 DCR climage change ""95% level of concern"" future climate condition",s0098_USBRAlt3_cc95_2020LU_DeltaOut65\Model_Files\DSS\output\s0098_USBRAlt3_cc95_2020LU_DeltaOut65_DV_v1_20260219.dss,s0098_USBRAlt3_cc95_2020LU_DeltaOut65\Model_Files\DSS\input\coeqwal_s9999_SV_v2.1.4.dss,10/31/1921,9/30/2021,,
s0099,s0099_USBRAlt3_cc95_2020LU_DeltaOut35,s0099_USBRAlt3_cc95_2020LU_DeltaOut35,https://drive.google.com/drive/folders/1ft3LGREpyYK_6JB-ORbxn6wA68EctRu9?usp=drive_link,2023DCR CC95-2043,"Same as s0040 but using DWR's 2023 DCR climage change ""95% level of concern"" future climate condition",s0099_USBRAlt3_cc95_2020LU_DeltaOut35\Model_Files\DSS\output\s0099_USBRAlt3_cc95_2020LU_DeltaOut35_DV_v1_20260219.dss,s0099_USBRAlt3_cc95_2020LU_DeltaOut35\Model_Files\DSS\input\coeqwal_s9999_SV_v2.1.4.dss,10/31/1921,9/30/2021,,
s0100,s0100_USBRAlt3_cc95_2020LU_DeltaOut45,s0100_USBRAlt3_cc95_2020LU_DeltaOut45,https://drive.google.com/drive/folders/1UYes5HWD9V2-Ul6wWzBUu7roc6vPLW6I?usp=drive_link,2023DCR CC95-2043,"Same as s0041 but using DWR's 2023 DCR climage change ""95% level of concern"" future climate condition",s0100_USBRAlt3_cc95_2020LU_DeltaOut45\Model_Files\DSS\output\s0100_USBRAlt3_cc95_2020LU_DeltaOut45_DV_v1_20260306.dss,s0100_USBRAlt3_cc95_2020LU_DeltaOut45\Model_Files\DSS\input\coeqwal_s9999_SV_v2.1.4.dss,10/31/1921,9/30/2021,,
s0101,s0101_USBRAlt3_cc95_2020LU_DeltaOut55,s0101_USBRAlt3_cc95_2020LU_DeltaOut55,https://drive.google.com/drive/folders/1KshPKUdylMc6OgQtGW1-sHnBg2M-64lx?usp=drive_link,2023DCR CC95-2043,"Same as s0042 but using DWR's 2023 DCR climage change ""95% level of concern"" future climate condition",s0101_USBRAlt3_cc95_2020LU_DeltaOut55\Model_Files\DSS\output\s0101_USBRAlt3_cc95_2020LU_DeltaOut55_DV_v1_20260306.dss,s0101_USBRAlt3_cc95_2020LU_DeltaOut55\Model_Files\DSS\input\coeqwal_s9999_SV_v2.1.4.dss,10/31/1921,9/30/2021,,
s0102,s0102_DCRadjHist_cc95_2020LU_ShastaCarryover20,s0102_DCRadjHist_cc95_2020LU_ShastaCarryover20,https://drive.google.com/drive/folders/1_VA6CKecM__C-go1LSJWxgpeHo9dXoWc?usp=drive_link,2023DCR CC95-2043,"Same as s0044 but using DWR's 2023 DCR climage change ""95% level of concern"" future climate condition",s0102_DCRadjHist_cc95_2020LU_ShastaCarryover20\Model_Files\DSS\output\s0102_DCRadjHist_cc95_2020LU_ShastaCarryover20_20250217.dss,s0102_DCRadjHist_cc95_2020LU_ShastaCarryover20\Model_Files\DSS\input\coeqwal_s9999_SV_v2.1.2.dss,10/31/1921,9/30/2021,,
s0103,s0103_DCRadjBL_cc95_2020LU_RelaxFallX2,s0103_DCRadjBL_cc95_2020LU_RelaxFallX2,https://drive.google.com/drive/folders/14qU1vVQwivch-yKbByb7_G8B-oXxGYUR?usp=drive_link,2023DCR CC95-2043,"Same as s0045 but using DWR's 2023 DCR climage change ""95% level of concern"" future climate condition",s0103_DCRadjBL_cc95_2020LU_RelaxFallX2\Model_Files\DSS\output\s0103_DCRadjBL_cc95_2020LU_RelaxFallX2_20250217.dss,s0103_DCRadjBL_cc95_2020LU_RelaxFallX2\Model_Files\DSS\input\coeqwal_s9999_SV_v2.1.2.dss,10/31/1921,9/30/2021,,
s0104,s0104_DCRadjHist_cc95_2020LU_EflowsV2,s0104_DCRadjHist_cc95_2020LU_EflowsV2,https://drive.google.com/drive/folders/1fCSgzzp_fiGaiL0XwxYiKNOJ2WUsAgP8?usp=drive_link,2023DCR CC95-2043,"Same as s0046 but using DWR's 2023 DCR climage change ""95% level of concern"" future climate condition",s0104_DCRadjHist_cc95_2020LU_EflowsV2\Model_Files\DSS\output\s0104_DCRadjHist_cc95_2020LU_EflowsV2_20250216.dss,s0104_DCRadjHist_cc95_2020LU_EflowsV2\Model_Files\DSS\input\coeqwal_s9999_SV_v2.1.3.dss,10/31/1921,9/30/2021,,
s0105,s0105_DWRadapt25_cc95_2020LU_DCP,s0105_DWRadapt25_cc95_2020LU_DCP,https://drive.google.com/drive/folders/17zx1u7A0QVEtW0B2aDqk8t08eYcH5VWR?usp=drive_link,2023DCR CC95-2043,"Same as s0065 but using DWR's 2023 DCR climage change ""95% level of concern"" future climate condition",s0105_DWRadapt25_cc95_2020LU_DCP\Model_Files\DSS\output\s0105_DWRadapt25_cc95_2020LU_DCP_DV_v1_20260218.dss,s0105_DWRadapt25_cc95_2020LU_DCP\Model_Files\DSS\input\coeqwal_s9999_SV_v2.13.4.dss,10/31/1921,9/30/2021,,
s0107,s0107_adjBL_cqlTAI_wTUCP,s0107_adjBL_cqlTAI_wTUCP,s0107_adjBL_cqlTAI_wTUCP,COEQWAL TAIESM1,Same as 11 but using Coeqwal's TAIESM1 climate,s0107_adjBL_cqlTAI_wTUCP\Model_Files\DSS\output\coeqwal_s0107_adjBL_cqlTAI_wTUCP_DV_v1_20260311.dss,s0107_adjBL_cqlTAI_wTUCP\Model_Files\DSS\input\SV_COEQWAL_TAIESM1_20260309.dss,10/31/1921,9/30/2021,,
s0108,s0108_DCRbl_cqlTAI_2020LU_wTUCP,s0108_DCRbl_cqlTAI_2020LU_wTUCP,s0108_DCRbl_cqlTAI_2020LU_wTUCP,COEQWAL TAIESM1,Same as 20 but using Coeqwal's TAIESM1 climate,s0108_DCRbl_cqlTAI_2020LU_wTUCP\Model_Files\DSS\output\s0108_DCRbl_cqlTAI_2020LU_wTUCP_DV_v1_20260312.dss,s0108_DCRbl_cqlTAI_2020LU_wTUCP\Model_Files\DSS\input\coeqwal_s9999_SV_v3.1.2.dss,10/31/1921,9/30/2021,,
s0109,s0109_DCRbl_cqlTAI_2020LU_woTUCP,s0109_DCRbl_cqlTAI_2020LU_woTUCP,s0109_DCRbl_cqlTAI_2020LU_woTUCP,COEQWAL TAIESM1,Same as 21 but using Coeqwal's TAIESM1 climate,s0109_DCRbl_cqlTAI_2020LU_woTUCP\Model_Files\DSS\output\s0109_DCRbl_cqlTAI_2020LU_woTUCP_DV_v1_20260312.dss,s0109_DCRbl_cqlTAI_2020LU_woTUCP\Model_Files\DSS\input\coeqwal_s9999_SV_v3.1.2.dss,10/31/1921,9/30/2021,,
s0110,s0110_USBR24Alt2V1_cqlTAI_2020LU_woTUCP,s0110_USBR24Alt2V1_cqlTAI_2020LU_woTUCP,s0110_USBR24Alt2V1_cqlTAI_2020LU_woTUCP,COEQWAL TAIESM1,Same as 24 but using Coeqwal's TAIESM1 climate,s0110_USBR24Alt2V1_cqlTAI_2020LU_woTUCP\Model_Files\DSS\output\s0110_USBR24Alt2V1_cqlTAI_2020LU_woTUCP_DV_v1_20260312.dss,s0110_USBR24Alt2V1_cqlTAI_2020LU_woTUCP\Model_Files\DSS\input\coeqwal_s9999_SV_v3.1.2.dss,10/31/1921,9/30/2021,,
s0111,s0111_USBR24Alt2V1_cqlTAI_2020LU_wTUCP,s0111_USBR24Alt2V1_cqlTAI_2020LU_wTUCP,s0111_USBR24Alt2V1_cqlTAI_2020LU_wTUCP,COEQWAL TAIESM1,Same as 23 but using Coeqwal's TAIESM1 climate,s0111_USBR24Alt2V1_cqlTAI_2020LU_wTUCP\Model_Files\DSS\output\s0111_USBR24Alt2V1_cqlTAI_2020LU_wTUCP_DV_v1_20260312.dss,s0111_USBR24Alt2V1_cqlTAI_2020LU_wTUCP\Model_Files\DSS\input\coeqwal_s9999_SV_v3.1.2.dss,10/31/1921,9/30/2021,,
s0112,s0112_SJVgwLimit_cqlTAI_2020LU_wTUCP,s0112_SJVgwLimit_cqlTAI_2020LU_wTUCP,s0112_SJVgwLimit_cqlTAI_2020LU_wTUCP,COEQWAL TAIESM1,Same as 25 but using Coeqwal's TAIESM1 climate,s0112_SJVgwLimit_cqlTAI_2020LU_wTUCP\Model_Files\DSS\output\s0112_SJVgwLimit_cqlTAI_2020LU_wTUCP_DV_v1_20260313.dss,s0112_SJVgwLimit_cqlTAI_2020LU_wTUCP\Model_Files\DSS\input\coeqwal_s9999_SV_v3.1.2.dss,10/31/1921,9/30/2021,,
s0113,s0113_SJVgwLimit_cqlTAI_SGMALU_wTUCP,s0113_SJVgwLimit_cqlTAI_SGMALU_wTUCP,s0113_SJVgwLimit_cqlTAI_SGMALU_wTUCP,COEQWAL TAIESM1,Same as 26 but using Coeqwal's TAIESM1 climate,s0113_SJVgwLimit_cqlTAI_SGMALU_wTUCP\Model_Files\DSS\output\s0113_SJVgwLimit_cqlTAI_SGMALU_wTUCP_DV_v1_20260315.dss,s0113_SJVgwLimit_cqlTAI_SGMALU_wTUCP\Model_Files\DSS\input\coeqwal_s9999_SV_v3.12.2.dss,10/31/1921,9/30/2021,,
s0114,s0114_CVgwLimit_cqlTAI_2020LU_wTUCP,s0114_CVgwLimit_cqlTAI_2020LU_wTUCP,s0114_CVgwLimit_cqlTAI_2020LU_wTUCP,COEQWAL TAIESM1,Same as 27 but using Coeqwal's TAIESM1 climate,s0114_CVgwLimit_cqlTAI_2020LU_wTUCP\Model_Files\DSS\output\0114_CVgwLimit_cqlTAI_2020LU_wTUCP_DV_v1_20260314.dss,s0114_CVgwLimit_cqlTAI_2020LU_wTUCP\Model_Files\DSS\input\coeqwal_s9999_SV_v3.1.2.dss,10/31/1921,9/30/2021,,
s0115,s0115_CVgwLimit_cqlTAI_SGMALU_wTUCP,s0115_CVgwLimit_cqlTAI_SGMALU_wTUCP,s0115_CVgwLimit_cqlTAI_SGMALU_wTUCP,COEQWAL TAIESM1,Same as 28 but using Coeqwal's TAIESM1 climate,s0115_CVgwLimit_cqlTAI_SGMALU_wTUCP\Model_Files\DSS\output\s0115_CVgwLimit_cqlTAI_SGMALU_wTUCP_DV_v1_20260314.dss,s0115_CVgwLimit_cqlTAI_SGMALU_wTUCP\Model_Files\DSS\input\coeqwal_s9999_SV_v3.11.2.dss,10/31/1921,9/30/2021,,
s0117,s0117_DCRadjHist_cqlTAI_2020LU_NoFlowReqt,s0117_DCRadjHist_cqlTAI_2020LU_NoFlowReqt,s0117_DCRadjHist_cqlTAI_2020LU_NoFlowReqt,COEQWAL TAIESM1,Same as 30 but using Coeqwal's TAIESM1 climate,s0117_DCRadjHist_cqlTAI_2020LU_NoFlowReqt\Model_Files\DSS\output\s0117_DCRadjHist_TAIESM1_2020LU_NoFlowReqt_20260316.dss,s0117_DCRadjHist_cqlTAI_2020LU_NoFlowReqt\Model_Files\DSS\input\coeqwal_s9999_SV_v3.1.2.dss,10/31/1921,9/30/2021,,
s0118,s0118_DCRadjHist_cqlTAI_2020LU_salmonflows,s0118_DCRadjHist_cqlTAI_2020LU_salmonflows,s0118_DCRadjHist_cqlTAI_2020LU_salmonflows,COEQWAL TAIESM1,Same as 31 but using Coeqwal's TAIESM1 climate,s0118_DCRadjHist_cqlTAI_2020LU_salmonflows\Model_Files\DSS\output\s0118_DCRadjHist_cqlTAI_2020LU_salmonflows_DV_v1_20260315.dss,s0118_DCRadjHist_cqlTAI_2020LU_salmonflows\Model_Files\DSS\input\coeqwal_s9999_SV_v3.1.14.dss,10/31/1921,9/30/2021,,
s0119,s0119_DCRadjHist_cqlTAI_CVgwLU_eflows,s0119_DCRadjHist_cqlTAI_CVgwLU_eflows,s0119_DCRadjHist_cqlTAI_CVgwLU_eflows,COEQWAL TAIESM1,Same as 32 but using Coeqwal's TAIESM1 climate,s0119_DCRadjHist_cqlTAI_CVgwLU_eflows\Model_Files\DSS\output\s0119_DCRadjHist_cqlTAI_CVgwLU_eflows_DV_v1_20260314.dss,s0119_DCRadjHist_cqlTAI_CVgwLU_eflows\Model_Files\DSS\input\coeqwal_s9999_SV_v3.11.2.dss,10/31/1921,9/30/2021,,
s0120,s0120_DCRadjHist_cqlTAI_CVgwLU_salmonflows,s0120_DCRadjHist_cqlTAI_CVgwLU_salmonflows,s0120_DCRadjHist_cqlTAI_CVgwLU_salmonflows,COEQWAL TAIESM1,Same as 33 but using Coeqwal's TAIESM1 climate,s0120_DCRadjHist_cqlTAI_CVgwLU_salmonflows\Model_Files\DSS\output\s0120_DCRadjHist_cqlTAI_CVgwLU_salmonflows_DV_v1_20260315.dss,s0120_DCRadjHist_cqlTAI_CVgwLU_salmonflows\Model_Files\DSS\input\coeqwal_s9999_SV_v3.11.14.dss,10/31/1921,9/30/2021,,
s0121,s0121_DCRadjBL_cqlTAI_2020LU_PriorityHHS,s0121_DCRadjBL_cqlTAI_2020LU_PriorityHHS,s0121_DCRadjBL_cqlTAI_2020LU_PriorityHHS,COEQWAL TAIESM1,Same as 35 but using Coeqwal's TAIESM1 climate,s0121_DCRadjBL_cqlTAI_2020LU_PriorityHHS\Model_Files\DSS\output\s0121_DCRadjBL_cqlTAI_2020LU_PriorityHHS_DV_v1_20260315.dss,s0121_DCRadjBL_cqlTAI_2020LU_PriorityHHS\Model_Files\DSS\input\coeqwal_s9999_SV_v3.1.2.dss,10/31/1921,9/30/2021,,
s0122,s0122_DCRadjBL_cqlTAI_2020LU_PriorityFuncCWN,s0122_DCRadjBL_cqlTAI_2020LU_PriorityFuncCWN,s0122_DCRadjBL_cqlTAI_2020LU_PriorityFuncCWN,COEQWAL TAIESM1,Same as 36 but using Coeqwal's TAIESM1 climate,s0122_DCRadjBL_cqlTAI_2020LU_PriorityFuncCWN\Model_Files\DSS\output\s0122_DCRadjBL_cqlTAI_2020LU_PriorityFuncCWN_DV_v1_20260315.dss,s0122_DCRadjBL_cqlTAI_2020LU_PriorityFuncCWN\Model_Files\DSS\input\coeqwal_s9999_SV_v3.1.2.dss,10/31/1921,9/30/2021,,
s0123,s0123_DCRadjBL_cqlTAI_2020LU_PriorityFullCWN,s0123_DCRadjBL_cqlTAI_2020LU_PriorityFullCWN,s0123_DCRadjBL_cqlTAI_2020LU_PriorityFullCWN,COEQWAL TAIESM1,Same as 37 but using Coeqwal's TAIESM1 climate,s0123_DCRadjBL_cqlTAI_2020LU_PriorityFullCWN\Model_Files\DSS\output\s0123_DCRadjBL_cqlTAI_2020LU_PriorityFullCWN_DV_v1_20260315.dss,s0123_DCRadjBL_cqlTAI_2020LU_PriorityFullCWN\Model_Files\DSS\input\coeqwal_s9999_SV_v3.1.2.dss,10/31/1921,9/30/2021,,
s0124,s0124_USBRAlt3_cqlTAI_2020LU_DeltaOut65,s0124_USBRAlt3_cqlTAI_2020LU_DeltaOut65,s0124_USBRAlt3_cqlTAI_2020LU_DeltaOut65,COEQWAL TAIESM1,Same as 39 but using Coeqwal's TAIESM1 climate,s0124_USBRAlt3_cqlTAI_2020LU_DeltaOut65\Model_Files\DSS\output\s0124_USBRAlt3_cqlTAI_2020LU_DeltaOut65_DV_v1_20260315.dss,s0124_USBRAlt3_cqlTAI_2020LU_DeltaOut65\Model_Files\DSS\input\coeqwal_s9999_SV_v3.1.3.dss,10/31/1921,9/30/2021,,
s0125,s0125_USBRAlt3_cqlTAI_2020LU_DeltaOut35,s0125_USBRAlt3_cqlTAI_2020LU_DeltaOut35,s0125_USBRAlt3_cqlTAI_2020LU_DeltaOut35,COEQWAL TAIESM1,Same as 40 but using Coeqwal's TAIESM1 climate,s0125_USBRAlt3_cqlTAI_2020LU_DeltaOut35\Model_Files\DSS\output\s0125_USBRAlt3_cqlTAI_2020LU_DeltaOut35_DV_v1_20260316.dss,s0125_USBRAlt3_cqlTAI_2020LU_DeltaOut35\Model_Files\DSS\input\coeqwal_s9999_SV_v3.1.3.dss,10/31/1921,9/30/2021,,
s0126,s0126_USBRAlt3_cqlTAI_2020LU_DeltaOut45,s0126_USBRAlt3_cqlTAI_2020LU_DeltaOut45,s0126_USBRAlt3_cqlTAI_2020LU_DeltaOut45,COEQWAL TAIESM1,Same as 41 but using Coeqwal's TAIESM1 climate,s0126_USBRAlt3_cqlTAI_2020LU_DeltaOut45\Model_Files\DSS\output\s0126_USBRAlt3_cqlTAI_2020LU_DeltaOut45_DV_v1_20260316.dss,s0126_USBRAlt3_cqlTAI_2020LU_DeltaOut45\Model_Files\DSS\input\coeqwal_s9999_SV_v3.1.3.dss,10/31/1921,9/30/2021,,
s0127,s0127_USBRAlt3_cqlTAI_2020LU_DeltaOut55,s0127_USBRAlt3_cqlTAI_2020LU_DeltaOut55,s0127_USBRAlt3_cqlTAI_2020LU_DeltaOut55,COEQWAL TAIESM1,Same as 42 but using Coeqwal's TAIESM1 climate,s0127_USBRAlt3_cqlTAI_2020LU_DeltaOut55\Model_Files\DSS\output\s0127_USBRAlt3_cqlTAI_2020LU_DeltaOut55_DV_v1_20260317.dss,s0127_USBRAlt3_cqlTAI_2020LU_DeltaOut55\Model_Files\DSS\input\coeqwal_s9999_SV_v3.1.3.dss,10/31/1921,9/30/2021,,
s0128,s0128_DCRadjHist_TAIESM1_2020LU_ShastaCarryover20,s0128_DCRadjHist_TAIESM1_2020LU_ShastaCarryover20,s0128_DCRadjHist_TAIESM1_2020LU_ShastaCarryover20,COEQWAL TAIESM1,Same as 44 but using Coeqwal's TAIESM1 climate,s0128_DCRadjHist_TAIESM1_2020LU_ShastaCarryover20\Model_Files\DSS\output\s0128_DCRadjHist_TAIESM1_2020LU_ShastaCarryover20_20250217.dss,s0128_DCRadjHist_TAIESM1_2020LU_ShastaCarryover20\Model_Files\DSS\input\coeqwal_s9999_SV_v3.1.2.dss,10/31/1921,9/30/2021,,
s0129,s0129_DCRadjBL_cqlTAI_2020LU_RelaxFallX2,s0129_DCRadjBL_cqlTAI_2020LU_RelaxFallX2,s0129_DCRadjBL_cqlTAI_2020LU_RelaxFallX2,COEQWAL TAIESM1,Same as 45 but using Coeqwal's TAIESM1 climate,s0129_DCRadjBL_cqlTAI_2020LU_RelaxFallX2\Model_Files\DSS\output\s0129_DCRadjBL_TAIESM1_2020LU_RelaxFallX2_20260322.dss,s0129_DCRadjBL_cqlTAI_2020LU_RelaxFallX2\Model_Files\DSS\input\coeqwal_s9999_SV_v3.1.2.dss,10/31/1921,9/30/2021,,
s0130,s0130_DCRadjHist_cqlTAI_2020LU_EflowsV2,s0130_DCRadjHist_cqlTAI_2020LU_EflowsV2,s0130_DCRadjHist_cqlTAI_2020LU_EflowsV2,COEQWAL TAIESM1,Same as 46 but using Coeqwal's TAIESM1 climate,s0130_DCRadjHist_cqlTAI_2020LU_EflowsV2\Model_Files\DSS\output\s0130_DCRadjHist_cqlTAI_2020LU_EflowsV2_v0.1.dss,s0130_DCRadjHist_cqlTAI_2020LU_EflowsV2\Model_Files\DSS\input\coeqwal_s9999_SV_v3.1.2.dss,10/31/1921,9/30/2021,,
s0131,s0131_DWRadapt25_cqlTAI_2020LU_DCP,s0131_DWRadapt25_cqlTAI_2020LU_DCP,s0131_DWRadapt25_cqlTAI_2020LU_DCP,COEQWAL TAIESM1,Same as 65 but using Coeqwal's TAIESM1 climate,s0131_DWRadapt25_cqlTAI_2020LU_DCP\Model_Files\DSS\output\s0131_DWRadapt25_cqlTAI_2020LU_DCP_DV_v1_20260320.dss,s0131_DWRadapt25_cqlTAI_2020LU_DCP\Model_Files\DSS\input\coeqwal_s9999_SV_v3.13.3.dss,10/31/1921,9/30/2021,,
